,Spikes_hourly
2021-07-09 10:00:00,68.97404202719407
2021-07-09 11:00:00,110.42944785276073
2021-07-09 12:00:00,86.33575013943113
2021-07-09 13:00:00,49.17758572623362
2021-07-09 14:00:00,61.22107610816839
2021-07-09 15:00:00,43.167875069715556
2021-07-09 16:00:00,160.62465142219745
2021-07-09 17:00:00,262.01896263245953
2021-07-09 18:00:00,178.64510733203235
2021-07-09 19:00:00,162.67782426778243
2021-07-09 20:00:00,172.62336214106494
2021-07-09 21:00:00,183.66322832450516
2021-07-09 22:00:00,97.37869492470719
2021-07-09 23:00:00,307.10900473933646
2021-07-10 00:00:00,163.59074435461386
2021-07-10 01:00:00,203.84937238493723
2021-07-10 02:00:00,192.74958170663692
2021-07-10 03:00:00,119.43127962085308
2021-07-10 04:00:00,186.7261572783045
2021-07-10 05:00:00,210.8786610878661
2021-07-10 06:00:00,170.66369213608476
2021-07-10 07:00:00,343.2394758851408
2021-07-10 08:00:00,205.74296069138555
2021-07-10 09:00:00,90.32617786451074
2021-07-10 10:00:00,259.0072504182933
2021-07-10 11:00:00,87.33965421081986
2021-07-10 12:00:00,324.35146443514645
2021-07-10 13:00:00,198.71759130192362
2021-07-10 14:00:00,136.5309537088678
2021-07-10 15:00:00,348.35471277189066
2021-07-10 16:00:00,159.57624756063564
2021-07-10 17:00:00,373.6607142857143
2021-07-10 18:00:00,222.80457206579314
2021-07-10 19:00:00,153.55450236966823
2021-07-10 20:00:00,202.78862242052426
2021-07-10 21:00:00,199.77691020635808
2021-07-10 22:00:00,128.46389740730413
2021-07-10 23:00:00,183.81696428571428
2021-07-11 00:00:00,171.6675962074735
2021-07-11 01:00:00,137.61160714285714
2021-07-11 02:00:00,127.49581706636921
2021-07-11 03:00:00,331.19598550320603
2021-07-11 04:00:00,193.6994703094508
2021-07-11 05:00:00,108.42163970998327
2021-07-11 06:00:00,193.6994703094508
2021-07-11 07:00:00,114.54088752442088
2021-07-11 08:00:00,98.38259899609592
2021-07-11 09:00:00,200.72483969891275
2021-07-11 10:00:00,307.1090047393365
2021-07-11 11:00:00,150.5856107083101
2021-07-11 12:00:00,227.07228579402738
2021-07-11 13:00:00,230.9623430962343
2021-07-11 14:00:00,111.40228603289657
2021-07-11 15:00:00,215.7792026763312
2021-07-11 16:00:00,240.93697713329612
2021-07-11 17:00:00,225.8154446612768
2021-07-11 18:00:00,134.52314556609036
2021-07-11 19:00:00,141.08772253567736
2021-07-11 20:00:00,147.65229950526438
2021-07-11 21:00:00,154.21687647485138
2021-07-11 22:00:00,160.7814534444384
2021-07-11 23:00:00,167.3460304140254
2021-07-12 00:00:00,173.9106073836124
2021-07-12 01:00:00,180.47518435319938
2021-07-12 02:00:00,187.0397613227864
2021-07-12 03:00:00,193.60433829237343
2021-07-12 04:00:00,200.16891526196042
2021-07-12 05:00:00,206.73349223154742
2021-07-12 06:00:00,213.2980692011344
2021-07-12 07:00:00,219.86264617072143
2021-07-12 08:00:00,226.42722314030843
2021-07-12 09:00:00,232.99180010989545
2021-07-12 10:00:00,239.55637707948244
2021-07-12 11:00:00,227.8862242052426
2021-07-12 12:00:00,165.73660714285714
2021-07-12 13:00:00,171.6197379425704
2021-07-12 14:00:00,203.79252649191298
2021-07-12 15:00:00,249.97211377579478
2021-07-12 16:00:00,251.9096738221355
2021-07-12 17:00:00,251.97992191857222
2021-07-12 18:00:00,235.91745677635248
2021-07-12 19:00:00,223.87060791968767
2021-07-12 20:00:00,223.8706079196877
2021-07-12 21:00:00,196.7103429049345
2021-07-12 22:00:00,230.9623430962343
2021-07-12 23:00:00,179.6487315305269
2021-07-13 00:00:00,284.18410041841
2021-07-13 01:00:00,309.20245398773005
2021-07-13 02:00:00,242.14345520513538
2021-07-13 03:00:00,219.85499163413272
2021-07-13 04:00:00,225.81544466127684
2021-07-13 05:00:00,269.0462911321807
2021-07-13 06:00:00,334.20685809868974
2021-07-13 07:00:00,281.01477557847784
2021-07-13 08:00:00,306.27615062761504
2021-07-13 09:00:00,245.2481076534903
2021-07-13 10:00:00,102.39821528165086
2021-07-13 11:00:00,226.88232013385385
2021-07-13 12:00:00,206.80423870607922
2021-07-13 13:00:00,280.08923591745673
2021-07-13 14:00:00,234.04017857142858
2021-07-13 15:00:00,266.9640367995539
2021-07-13 16:00:00,241.94088120468487
2021-07-13 17:00:00,264.95678840256477
2021-07-13 18:00:00,207.8081427774679
2021-07-13 19:00:00,451.6308893225537
2021-07-13 20:00:00,260.0836820083682
2021-07-13 21:00:00,270.9785335935322
2021-07-13 22:00:00,233.909648633575
2021-07-13 23:00:00,116.42040702536937
2021-07-14 00:00:00,237.99163179916317
2021-07-14 01:00:00,344.53125
2021-07-14 02:00:00,173.67540435025097
2021-07-14 03:00:00,125.45302481182048
2021-07-14 04:00:00,325.26491912994976
2021-07-14 05:00:00,279.00752718148874
2021-07-14 06:00:00,154.64435146443515
2021-07-14 07:00:00,133.55648535564853
2021-07-14 08:00:00,183.66322832450513
2021-07-14 09:00:00,192.6958461109562
2021-07-14 10:00:00,199.77691020635805
2021-07-14 11:00:00,184.66685252299973
2021-07-14 12:00:00,172.62336214106494
2021-07-14 13:00:00,219.85499163413272
2021-07-14 14:00:00,195.70671870643991
2021-07-14 15:00:00,134.48564259827154
2021-07-14 16:00:00,424.6514221974345
2021-07-14 17:00:00,296.0691385558963
2021-07-14 18:00:00,191.74567763524817
2021-07-14 19:00:00,240.86980763869528
2021-07-14 20:00:00,221.98660714285714
2021-07-14 21:00:00,295.1477969882878
2021-07-14 22:00:00,216.84327941996654
2021-07-14 23:00:00,232.84081405073874
2021-07-15 00:00:00,315.22587841606247
2021-07-15 01:00:00,293.13998884551035
2021-07-15 02:00:00,267.03848298940324
2021-07-15 03:00:00,303.09450794535826
2021-07-15 04:00:00,281.01477557847784
2021-07-15 05:00:00,138.5387618516453
2021-07-15 06:00:00,195.70671870643991
2021-07-15 07:00:00,315.22587841606247
2021-07-15 08:00:00,181.65597992751603
2021-07-15 09:00:00,163.5907443546139
2021-07-15 10:00:00,205.97264861847614
2021-07-15 11:00:00,205.80033463469047
2021-07-15 12:00:00,200.72483969891275
2021-07-15 13:00:00,264.95678840256477
2021-07-15 14:00:00,177.69102063580593
2021-07-15 15:00:00,299.08001115138
2021-07-15 16:00:00,313.218070273285
2021-07-15 17:00:00,312.1271257318093
2021-07-15 18:00:00,316.2297824874512
2021-07-15 19:00:00,223.80819626428772
2021-07-15 20:00:00,206.91964285714286
2021-07-15 21:00:00,268.971285196543
2021-07-15 22:00:00,245.95649749023983
2021-07-15 23:00:00,244.88430443267356
2021-07-16 00:00:00,269.04629113218067
2021-07-16 01:00:00,216.78282687482576
2021-07-16 02:00:00,281.0931399888455
2021-07-16 03:00:00,367.63392857142856
2021-07-16 04:00:00,404.46055199330914
2021-07-16 05:00:00,301.1712214166202
2021-07-16 06:00:00,186.67410091998886
2021-07-16 07:00:00,159.6652719665272
2021-07-16 08:00:00,131.47477000278784
2021-07-16 09:00:00,218.79007527181489
2021-07-16 10:00:00,261.0150585610708
2021-07-16 11:00:00,175.63423473654865
2021-07-16 12:00:00,92.33342626149987
2021-07-16 13:00:00,179.6487315305269
2021-07-16 14:00:00,185.72225320691578
2021-07-16 15:00:00,199.72121550041817
2021-07-16 16:00:00,140.5857740585774
2021-07-16 17:00:00,293.0582659604126
2021-07-16 18:00:00,95.34429885698356
2021-07-16 19:00:00,238.92916899051866
2021-07-16 20:00:00,286.03289657095064
2021-07-16 21:00:00,277.0002787844996
2021-07-16 22:00:00,228.01339285714286
2021-07-16 23:00:00,207.75020908837467
2021-07-17 00:00:00,221.80094786729862
2021-07-17 01:00:00,208.81204684885665
2021-07-17 02:00:00,205.74296069138555
2021-07-17 03:00:00,310.20635805911877
2021-07-17 04:00:00,279.0075271814887
2021-07-17 05:00:00,310.11987733482016
2021-07-17 06:00:00,216.84327941996654
2021-07-17 07:00:00,157.5689991636465
2021-07-17 08:00:00,113.4095344298857
2021-07-17 09:00:00,154.6875
2021-07-17 10:00:00,130.5075292805354
2021-07-17 11:00:00,153.55450236966826
2021-07-17 12:00:00,112.40591023139113
2021-07-17 13:00:00,211.82375906302286
2021-07-17 14:00:00,134.52314556609036
2021-07-17 15:00:00,147.53275717870088
2021-07-17 16:00:00,188.73396542108196
2021-07-17 17:00:00,194.70309450794537
2021-07-17 18:00:00,130.4711458042933
2021-07-17 19:00:00,284.02564817396154
2021-07-17 20:00:00,306.36160714285717
2021-07-17 21:00:00,285.10875627440043
2021-07-17 22:00:00,334.20685809868974
2021-07-17 23:00:00,241.07142857142858
2021-07-18 00:00:00,197.7691020635806
2021-07-18 01:00:00,134.4856425982715
2021-07-18 02:00:00,357.29021466406465
2021-07-18 03:00:00,211.82375906302286
2021-07-18 04:00:00,328.1851129077223
2021-07-18 05:00:00,248.968209704406
2021-07-18 06:00:00,244.9525934188511
2021-07-18 07:00:00,182.71054099274957
2021-07-18 08:00:00,161.62855549358616
2021-07-18 09:00:00,174.6793084216397
2021-07-18 10:00:00,146.8566638725901
2021-07-18 11:00:00,165.73660714285714
2021-07-18 12:00:00,296.0691385558963
2021-07-18 13:00:00,202.78862242052426
2021-07-18 14:00:00,150.54362977418455
2021-07-18 15:00:00,188.7866108786611
2021-07-18 16:00:00,237.99163179916317
2021-07-18 17:00:00,235.04464285714286
2021-07-18 18:00:00,234.8480624477279
2021-07-18 19:00:00,368.4327941996654
2021-07-18 20:00:00,203.73571229439642
2021-07-18 21:00:00,241.94088120468487
2021-07-18 22:00:00,217.78645107332034
2021-07-18 23:00:00,172.67150027886225
2021-07-19 00:00:00,154.60122699386503
2021-07-19 01:00:00,303.18970341354225
2021-07-19 02:00:00,167.65197992191858
2021-07-19 03:00:00,281.1715481171548
2021-07-19 04:00:00,369.33370504599947
2021-07-19 05:00:00,208.75383328686922
2021-07-19 06:00:00,235.91745677635248
2021-07-19 07:00:00,203.73571229439642
2021-07-19 08:00:00,254.9205464176192
2021-07-19 09:00:00,190.74177356385945
2021-07-19 10:00:00,163.68200836820083
2021-07-19 11:00:00,140.54656999442275
2021-07-19 12:00:00,162.6324595649749
2021-07-19 13:00:00,255.99553820412714
2021-07-19 14:00:00,288.0401449679398
2021-07-19 15:00:00,301.1712214166202
2021-07-19 16:00:00,212.76833008084748
2021-07-19 17:00:00,226.81906885977136
2021-07-19 18:00:00,262.01896263245953
2021-07-19 19:00:00,398.4388068023418
2021-07-19 20:00:00,275.0697155605131
2021-07-19 21:00:00,255.9241706161137
2021-07-19 22:00:00,265.0306748466258
2021-07-19 23:00:00,198.71759130192365
2021-07-20 00:00:00,148.5778025655326
2021-07-20 01:00:00,297.07276275439085
2021-07-20 02:00:00,200.72483969891275
2021-07-20 03:00:00,308.19854991634134
2021-07-20 04:00:00,236.9213608477412
2021-07-20 05:00:00,127.49581706636923
2021-07-20 06:00:00,146.5291329802063
2021-07-20 07:00:00,121.47239263803681
2021-07-20 08:00:00,216.78282687482576
2021-07-20 09:00:00,261.9459158070811
2021-07-20 10:00:00,272.0580033463469
2021-07-20 11:00:00,317.1452467242821
2021-07-20 12:00:00,153.59732292247628
2021-07-20 13:00:00,232.97071129707112
2021-07-20 14:00:00,333.20323390019513
2021-07-20 15:00:00,205.74296069138555
2021-07-20 16:00:00,194.75738984941438
2021-07-20 17:00:00,286.03289657095064
2021-07-20 18:00:00,240.93697713329615
2021-07-20 19:00:00,328.27663134411597
2021-07-20 20:00:00,334.39330543933056
2021-07-20 21:00:00,261.0150585610708
2021-07-20 22:00:00,188.681349316978
2021-07-20 23:00:00,322.3430962343096
2021-07-21 00:00:00,173.67540435025097
2021-07-21 01:00:00,224.8745119910764
2021-07-21 02:00:00,323.2571109871724
2021-07-21 03:00:00,230.83356565374962
2021-07-21 04:00:00,170.66369213608476
2021-07-21 05:00:00,350.4602510460251
2021-07-21 06:00:00,184.6668525229997
2021-07-21 07:00:00,270.05019520356944
2021-07-21 08:00:00,138.5001393922498
2021-07-21 09:00:00,352.3703290574456
2021-07-21 10:00:00,186.7261572783045
2021-07-21 11:00:00,240.93697713329612
2021-07-21 12:00:00,200.72483969891272
2021-07-21 13:00:00,161.6285554935862
2021-07-21 14:00:00,238.44315466029363
2021-07-21 15:00:00,163.28999092833382
2021-07-21 16:00:00,303.3482142857143
2021-07-21 17:00:00,242.94478527607365
2021-07-21 18:00:00,357.3898494143893
2021-07-21 19:00:00,308.11262893783106
2021-07-21 20:00:00,345.2467242821299
2021-07-21 21:00:00,295.06551435740175
2021-07-21 22:00:00,186.7261572783045
2021-07-21 23:00:00,269.04629113218067
2021-07-22 00:00:00,237.92526491912997
2021-07-22 01:00:00,255.9241706161137
2021-07-22 02:00:00,259.938667410092
2021-07-22 03:00:00,154.60122699386503
2021-07-22 04:00:00,434.56927794814607
2021-07-22 05:00:00,246.09375
2021-07-22 06:00:00,233.909648633575
2021-07-22 07:00:00,193.6994703094508
2021-07-22 08:00:00,228.82631725676052
2021-07-22 09:00:00,222.86670384829895
2021-07-22 10:00:00,176.63785893504323
2021-07-22 11:00:00,202.78862242052426
2021-07-22 12:00:00,176.5886287625418
2021-07-22 13:00:00,296.1517010596765
2021-07-22 14:00:00,228.9539748953975
2021-07-22 15:00:00,174.67930842163972
2021-07-22 16:00:00,245.88792863116814
2021-07-22 17:00:00,306.19074177356384
2021-07-22 18:00:00,240.86980763869528
2021-07-22 19:00:00,185.72225320691578
2021-07-22 20:00:00,300.0836353498745
2021-07-22 21:00:00,194.75738984941438
2021-07-22 22:00:00,242.94478527607362
2021-07-22 23:00:00,220.98214285714286
2021-07-23 00:00:00,149.54000557569
2021-07-23 01:00:00,237.92526491912997
2021-07-23 02:00:00,281.01477557847784
2021-07-23 03:00:00,352.27209367159185
2021-07-23 04:00:00,301.0872595483691
2021-07-23 05:00:00,230.8979364194088
2021-07-23 06:00:00,207.75020908837467
2021-07-23 07:00:00,229.89403234802006
2021-07-23 08:00:00,216.78282687482576
2021-07-23 09:00:00,222.80457206579314
2021-07-23 10:00:00,291.0510175634235
2021-07-23 11:00:00,138.5001393922498
2021-07-23 12:00:00,303.09450794535826
2021-07-23 13:00:00,238.86255924170615
2021-07-23 14:00:00,320.2453987730061
2021-07-23 15:00:00,273.5447891251307
2021-07-23 16:00:00,230.8979364194088
2021-07-23 17:00:00,165.59799275160302
2021-07-23 18:00:00,258.0033463469046
2021-07-23 19:00:00,329.1887371062169
2021-07-23 20:00:00,252.91329802063004
2021-07-23 21:00:00,172.62336214106494
2021-07-23 22:00:00,303.09450794535826
2021-07-23 23:00:00,161.6285554935862
2021-07-24 00:00:00,362.30833565653757
2021-07-24 01:00:00,208.75383328686925
2021-07-24 02:00:00,128.49972113775794
2021-07-24 03:00:00,221.8009478672986
2021-07-24 04:00:00,356.58482142857144
2021-07-24 05:00:00,335.3039598438371
2021-07-24 06:00:00,124.44940061332589
2021-07-24 07:00:00,266.03457891801446
2021-07-24 08:00:00,262.94954000557567
2021-07-24 09:00:00,234.8480624477279
2021-07-24 10:00:00,155.60513106525374
2021-07-24 11:00:00,116.42040702536939
2021-07-24 12:00:00,313.30543933054395
2021-07-24 13:00:00,245.08928571428572
2021-07-24 14:00:00,203.73571229439642
2021-07-24 15:00:00,192.69584611095624
2021-07-24 16:00:00,202.90178571428572
2021-07-24 17:00:00,353.57142857142856
2021-07-24 18:00:00,173.6269863395595
2021-07-24 19:00:00,268.11715481171547
2021-07-24 20:00:00,290.04739336492895
2021-07-24 21:00:00,120.43490381934764
2021-07-24 22:00:00,168.6088653470867
2021-07-24 23:00:00,251.97992191857222
2021-07-25 00:00:00,297.07276275439085
2021-07-25 01:00:00,202.12290502793294
2021-07-25 02:00:00,155.60513106525374
2021-07-25 03:00:00,318.1488709227767
2021-07-25 04:00:00,428.66703848298937
2021-07-25 05:00:00,188.68134931697796
2021-07-25 06:00:00,220.03907340217694
2021-07-25 07:00:00,195.70671870643991
2021-07-25 08:00:00,247.02928870292888
2021-07-25 09:00:00,211.76470588235296
2021-07-25 10:00:00,278.00390298299413
2021-07-25 11:00:00,359.3976575571667
2021-07-25 12:00:00,121.43852801784222
2021-07-25 13:00:00,332.29224762967095
2021-07-25 14:00:00,199.72121550041817
2021-07-25 15:00:00,124.484104852203
2021-07-25 16:00:00,126.45664901031503
2021-07-25 17:00:00,180.65235572902148
2021-07-25 18:00:00,256.9277948146083
2021-07-25 19:00:00,180.70273284997214
2021-07-25 20:00:00,346.3469046291132
2021-07-25 21:00:00,204.79643056330173
2021-07-25 22:00:00,159.5762475606356
2021-07-25 23:00:00,194.75738984941438
2021-07-26 00:00:00,186.67410091998886
2021-07-26 01:00:00,178.64510733203235
2021-07-26 02:00:00,304.18293363078635
2021-07-26 03:00:00,155.7354172481161
2021-07-26 04:00:00,207.8081427774679
2021-07-26 05:00:00,339.2249790911626
2021-07-26 06:00:00,109.4560669456067
2021-07-26 07:00:00,352.27209367159185
2021-07-26 08:00:00,130.4711458042933
2021-07-26 09:00:00,249.03765690376568
2021-07-26 10:00:00,133.51924149470162
2021-07-26 11:00:00,172.62336214106494
2021-07-26 12:00:00,173.77232142857144
2021-07-26 13:00:00,189.68497351547254
2021-07-26 14:00:00,322.43303571428567
2021-07-26 15:00:00,407.47142458879284
2021-07-26 16:00:00,160.57987175913019
2021-07-26 17:00:00,245.02092050209205
2021-07-26 18:00:00,213.77195427934208
2021-07-26 19:00:00,286.03289657095064
2021-07-26 20:00:00,250.90604962364094
2021-07-26 21:00:00,313.21807027328504
2021-07-26 22:00:00,292.05464176191805
2021-07-26 23:00:00,196.76519799219184
2021-07-27 00:00:00,371.34095344298856
2021-07-27 01:00:00,134.48564259827154
2021-07-27 02:00:00,188.73396542108196
2021-07-27 03:00:00,292.054641761918
2021-07-27 04:00:00,345.2467242821299
2021-07-27 05:00:00,244.88430443267356
2021-07-27 06:00:00,74.30962343096235
2021-07-27 07:00:00,231.90184049079755
2021-07-27 08:00:00,207.98213787329053
2021-07-27 09:00:00,133.48201839977696
2021-07-27 10:00:00,222.99107142857144
2021-07-27 11:00:00,206.74658488988013
2021-07-27 12:00:00,183.66322832450516
2021-07-27 13:00:00,179.6487315305269
2021-07-27 14:00:00,167.65197992191855
2021-07-27 15:00:00,171.6197379425704
2021-07-27 16:00:00,70.25369389461946
2021-07-27 17:00:00,97.37869492470719
2021-07-27 18:00:00,69.25006969612488
2021-07-27 19:00:00,271.1297071129707
2021-07-27 20:00:00,298.0763869528854
2021-07-27 21:00:00,291.05101756342344
2021-07-27 22:00:00,281.0931399888455
2021-07-27 23:00:00,371.34095344298856
2021-07-28 00:00:00,362.3083356565375
2021-07-28 01:00:00,144.60251046025104
2021-07-28 02:00:00,302.1751254880089
2021-07-28 03:00:00,388.4025648173961
2021-07-28 04:00:00,359.69857661177787
2021-07-28 05:00:00,132.4783942012824
2021-07-28 06:00:00,175.68321249302844
2021-07-28 07:00:00,70.25369389461946
2021-07-28 08:00:00,131.51143335192415
2021-07-28 09:00:00,195.70671870643991
2021-07-28 10:00:00,100.39040713887339
2021-07-28 11:00:00,74.62184873949579
2021-07-28 12:00:00,285.0292723724561
2021-07-28 13:00:00,64.24986056887897
2021-07-28 14:00:00,144.64285714285714
2021-07-28 15:00:00,34.12322274881517
2021-07-28 16:00:00,110.398661834402
2021-07-28 17:00:00,187.6777251184834
2021-07-28 18:00:00,146.56999442275517
2021-07-28 19:00:00,128.46389740730416
2021-07-28 20:00:00,225.94142259414227
2021-07-28 21:00:00,278.00390298299413
2021-07-28 22:00:00,284.0256481739615
2021-07-28 23:00:00,199.72121550041817
2021-07-29 00:00:00,280.08923591745673
2021-07-29 01:00:00,275.99665458600504
2021-07-29 02:00:00,92.35917456776352
2021-07-29 03:00:00,349.35861684327944
2021-07-29 04:00:00,285.0292723724561
2021-07-29 05:00:00,148.5778025655326
2021-07-29 06:00:00,88.31892946752161
2021-07-29 07:00:00,112.40591023139113
2021-07-29 08:00:00,164.64026770775237
2021-07-29 09:00:00,53.192082520211876
2021-07-29 10:00:00,179.7489539748954
2021-07-29 11:00:00,171.71548117154813
2021-07-29 12:00:00,26.10150585610708
2021-07-29 13:00:00,147.53275717870088
2021-07-29 14:00:00,53.22175732217573
2021-07-29 15:00:00,114.50892857142857
2021-07-29 16:00:00,79.30842163970998
2021-07-29 17:00:00,163.5907443546139
2021-07-29 18:00:00,151.54725397267913
2021-07-29 19:00:00,189.68497351547254
2021-07-29 20:00:00,404.5733407696598
2021-07-29 21:00:00,238.86255924170618
2021-07-29 22:00:00,208.92857142857144
2021-07-29 23:00:00,314.13437412879847
2021-07-30 00:00:00,298.0763869528854
2021-07-30 01:00:00,116.45287228109315
2021-07-30 02:00:00,270.05019520356944
2021-07-30 03:00:00,228.82631725676052
2021-07-30 04:00:00,339.22497909116254
2021-07-30 05:00:00,397.5460122699387
2021-07-30 06:00:00,105.40992749581706
2021-07-30 07:00:00,53.192082520211876
2021-07-30 08:00:00,134.48564259827154
2021-07-30 09:00:00,163.63636363636363
2021-07-30 10:00:00,87.33965421081984
2021-07-30 11:00:00,243.8287153652393
2021-07-30 12:00:00,220.79732366880404
2021-07-30 13:00:00,275.1464435146444
2021-07-30 14:00:00,217.84718349135528
2021-07-30 15:00:00,196.82008368200837
2021-07-30 16:00:00,253.98773006134968
2021-07-30 17:00:00,131.51143335192415
2021-07-30 18:00:00,51.18483412322275
2021-07-30 19:00:00,173.82082054144573
2021-07-30 20:00:00,143.55828220858896
2021-07-30 21:00:00,299.1634132738427
2021-07-30 22:00:00,192.74958170663695
2021-07-30 23:00:00,281.0931399888455
2021-07-31 00:00:00,162.5871201561193
2021-07-31 01:00:00,272.05800334634694
2021-07-31 02:00:00,203.79252649191298
2021-07-31 03:00:00,94.340674658489
2021-07-31 04:00:00,336.40167364016736
2021-07-31 05:00:00,262.01896263245953
2021-07-31 06:00:00,216.78282687482576
2021-07-31 07:00:00,314.39732142857144
2021-07-31 08:00:00,231.96652719665272
2021-07-31 09:00:00,99.35879565096181
2021-07-31 10:00:00,90.32617786451074
2021-07-31 11:00:00,380.47964305633013
2021-07-31 12:00:00,63.24595649749024
2021-07-31 13:00:00,157.5689991636465
2021-07-31 14:00:00,203.96315936366173
2021-07-31 15:00:00,78.30451756832124
2021-07-31 16:00:00,92.35917456776352
2021-07-31 17:00:00,93.36307863915225
2021-07-31 18:00:00,126.59782305330728
2021-07-31 19:00:00,186.7261572783045
2021-07-31 20:00:00,185.72225320691578
2021-07-31 21:00:00,207.75020908837467
2021-07-31 22:00:00,134.48564259827154
2021-07-31 23:00:00,233.84443824923335
2021-08-01 00:00:00,85.33184606804238
2021-08-01 01:00:00,144.52188458321717
2021-08-01 02:00:00,117.42403122386395
2021-08-01 03:00:00,165.59799275160302
2021-08-01 04:00:00,50.2092050209205
2021-08-01 05:00:00,352.27209367159185
2021-08-01 06:00:00,179.6487315305269
2021-08-01 07:00:00,127.49581706636923
2021-08-01 08:00:00,66.23919710064119
2021-08-01 09:00:00,110.39866183440199
2021-08-01 10:00:00,93.33705045999443
2021-08-01 11:00:00,51.19910764082543
2021-08-01 12:00:00,193.6994703094508
2021-08-01 13:00:00,55.199330917201
2021-08-01 14:00:00,199.72121550041817
2021-08-01 15:00:00,271.9821577920268
2021-08-01 16:00:00,70.25369389461945
2021-08-01 17:00:00,325.44642857142856
2021-08-01 18:00:00,128.46389740730416
2021-08-01 19:00:00,121.47239263803682
2021-08-01 20:00:00,179.7489539748954
2021-08-01 21:00:00,173.62698633955952
2021-08-01 22:00:00,304.0981321438528
2021-08-01 23:00:00,191.69222191246166
2021-08-02 00:00:00,329.1887371062169
2021-08-02 01:00:00,215.43624161073828
2021-08-02 02:00:00,359.2974630610538
2021-08-02 03:00:00,234.8480624477279
2021-08-02 04:00:00,163.5907443546139
2021-08-02 05:00:00,344.53125
2021-08-02 06:00:00,351.26846947309724
2021-08-02 07:00:00,123.44577641483134
2021-08-02 08:00:00,104.40602342442834
2021-08-02 09:00:00,45.18828451882845
2021-08-02 10:00:00,198.71759130192362
2021-08-02 11:00:00,88.31892946752161
2021-08-02 12:00:00,141.5110119877335
2021-08-02 13:00:00,59.36277249860257
2021-08-02 14:00:00,52.18845832171731
2021-08-02 15:00:00,147.5738984941439
2021-08-02 16:00:00,63.22832450515752
2021-08-02 17:00:00,247.96430563301726
2021-08-02 18:00:00,76.27543908558684
2021-08-02 19:00:00,163.0452903584329
2021-08-02 20:00:00,229.8299414552551
2021-08-02 21:00:00,299.1634132738427
2021-08-02 22:00:00,236.92136084774123
2021-08-02 23:00:00,269.9749093950376
2021-08-03 00:00:00,338.3156720580034
2021-08-03 01:00:00,218.79007527181489
2021-08-03 02:00:00,130.5075292805354
2021-08-03 03:00:00,243.81270903010036
2021-08-03 04:00:00,260.0111544896821
2021-08-03 05:00:00,230.83356565374964
2021-08-03 06:00:00,174.67930842163972
2021-08-03 07:00:00,184.71834913552703
2021-08-03 08:00:00,74.28890128276632
2021-08-03 09:00:00,112.40591023139113
2021-08-03 10:00:00,19.159663865546218
2021-08-03 11:00:00,18.070273284997214
2021-08-03 12:00:00,237.85893504321157
2021-08-03 13:00:00,101.42259414225941
2021-08-03 14:00:00,248.8988012266518
2021-08-03 15:00:00,15.058561070831008
2021-08-03 16:00:00,92.38493723849372
2021-08-03 17:00:00,140.54656999442275
2021-08-03 18:00:00,38.13771954279342
2021-08-03 19:00:00,204.739336492891
2021-08-03 20:00:00,408.4750487872874
2021-08-03 21:00:00,145.52550878171172
2021-08-03 22:00:00,143.51826038472262
2021-08-03 23:00:00,226.94560669456067
2021-08-04 00:00:00,324.1706161137441
2021-08-04 01:00:00,97.35154725397268
2021-08-04 02:00:00,284.02564817396154
2021-08-04 03:00:00,203.792526491913
2021-08-04 04:00:00,165.59799275160302
2021-08-04 05:00:00,257.93141901310287
2021-08-04 06:00:00,157.61293920803124
2021-08-04 07:00:00,13.047114580429328
2021-08-04 08:00:00,123.44577641483134
2021-08-04 09:00:00,17.066369213608475
2021-08-04 10:00:00,148.66071428571428
2021-08-04 11:00:00,91.3552704963748
2021-08-04 12:00:00,61.25523012552301
2021-08-04 13:00:00,51.24197599776724
2021-08-04 14:00:00,13.047114580429328
2021-08-04 15:00:00,17.061611374407583
2021-08-04 16:00:00,196.875
2021-08-04 17:00:00,40.22922636103152
2021-08-04 18:00:00,85.30805687203792
2021-08-04 19:00:00,120.46848856664808
2021-08-04 20:00:00,195.70671870643991
2021-08-04 21:00:00,208.75383328686922
2021-08-04 22:00:00,146.56999442275514
2021-08-04 23:00:00,109.39503763590744
2021-08-05 00:00:00,138.5001393922498
2021-08-05 01:00:00,180.65235572902148
2021-08-05 02:00:00,227.8862242052426
2021-08-05 03:00:00,233.84443824923338
2021-08-05 04:00:00,154.5581265681628
2021-08-05 05:00:00,201.7284638974073
2021-08-05 06:00:00,308.19854991634134
2021-08-05 07:00:00,33.1195985503206
2021-08-05 08:00:00,28.10931399888455
2021-08-05 09:00:00,116.42040702536939
2021-08-05 10:00:00,250.6457046603032
2021-08-05 11:00:00,328.36820083682005
2021-08-05 12:00:00,41.14859213827711
2021-08-05 13:00:00,139.50376359074437
2021-08-05 14:00:00,156.56537496515193
2021-08-05 15:00:00,92.33342626149987
2021-08-05 16:00:00,73.26456649010315
2021-08-05 17:00:00,58.22643614054657
2021-08-05 18:00:00,379.36994703094507
2021-08-05 19:00:00,81.29356007805966
2021-08-05 20:00:00,130.4711458042933
2021-08-05 21:00:00,164.59436855310844
2021-08-05 22:00:00,174.6793084216397
2021-08-05 23:00:00,187.6777251184834
2021-08-06 00:00:00,78.28268748257597
2021-08-06 01:00:00,152.55087817117368
2021-08-06 02:00:00,111.43335192414948
2021-08-06 03:00:00,122.47629670942554
2021-08-06 04:00:00,82.29718427655422
2021-08-06 05:00:00,239.86618344020073
2021-08-06 06:00:00,89.32255366601618
2021-08-06 07:00:00,130.5075292805354
2021-08-06 08:00:00,8.02675585284281
2021-08-06 09:00:00,93.36307863915225
2021-08-06 10:00:00,94.39330543933055
2021-08-06 11:00:00,34.13273842721695
2021-08-06 12:00:00,74.26819068859771
2021-08-06 13:00:00,15.058561070831008
2021-08-06 14:00:00,69.25006969612488
2021-08-06 15:00:00,80.28993587956509
2021-08-06 16:00:00,62.22470030666295
2021-08-06 17:00:00,73.26456649010315
2021-08-06 18:00:00,78.28268748257597
2021-08-06 19:00:00,218.02958414736253
2021-08-06 20:00:00,138.5001393922498
2021-08-06 21:00:00,38.14835471277189
2021-08-06 22:00:00,168.6558839933073
2021-08-06 23:00:00,311.12350153331477
2021-08-07 00:00:00,132.5153374233129
2021-08-07 01:00:00,124.51882845188284
2021-08-07 02:00:00,57.20657931419013
2021-08-07 03:00:00,157.70089285714286
2021-08-07 04:00:00,173.62698633955955
2021-08-07 05:00:00,180.65235572902145
2021-08-07 06:00:00,168.75
2021-08-07 07:00:00,106.38416504042375
2021-08-07 08:00:00,93.33705045999443
2021-08-07 09:00:00,57.20657931419013
2021-08-07 10:00:00,12.043490381934765
2021-08-07 11:00:00,67.26157278304517
2021-08-07 12:00:00,22.073578595317727
2021-08-07 13:00:00,107.47767857142857
2021-08-07 14:00:00,85.30805687203791
2021-08-07 15:00:00,25.090604962364093
2021-08-07 16:00:00,87.31530526902705
2021-08-07 17:00:00,63.22832450515752
2021-08-07 18:00:00,52.18845832171731
2021-08-07 19:00:00,181.65597992751603
2021-08-07 20:00:00,96.42857142857143
2021-08-07 21:00:00,146.5291329802063
2021-08-07 22:00:00,92.33342626149985
2021-08-07 23:00:00,104.40602342442833
2021-08-08 00:00:00,268.9712851965431
2021-08-08 01:00:00,58.22643614054657
2021-08-08 02:00:00,56.20295511569556
2021-08-08 03:00:00,124.4494006133259
2021-08-08 04:00:00,142.51463618622805
2021-08-08 05:00:00,84.32794199665366
2021-08-08 06:00:00,84.32794199665365
2021-08-08 07:00:00,72.26094229160859
2021-08-08 08:00:00,50.181209924728186
2021-08-08 09:00:00,41.183035714285715
2021-08-08 10:00:00,28.10931399888455
2021-08-08 11:00:00,24.08698076386953
2021-08-08 12:00:00,37.134095344298856
2021-08-08 13:00:00,27.105409927495817
2021-08-08 14:00:00,19.068859771396713
2021-08-08 15:00:00,33.14732142857143
2021-08-08 16:00:00,84.30443267354335
2021-08-08 17:00:00,93.33705045999442
2021-08-08 18:00:00,38.13771954279342
2021-08-08 19:00:00,57.20657931419013
2021-08-08 20:00:00,117.45677635248188
2021-08-08 21:00:00,40.156162855549354
2021-08-08 22:00:00,130.4711458042933
2021-08-08 23:00:00,42.16397099832683
2021-08-09 00:00:00,57.20657931419012
2021-08-09 01:00:00,59.362772498602574
2021-08-09 02:00:00,40.144967939782546
2021-08-09 03:00:00,54.210819854991634
2021-08-09 04:00:00,27.097853359353216
2021-08-09 05:00:00,119.43127962085308
2021-08-09 06:00:00,58.21020351268469
2021-08-09 07:00:00,40.144967939782546
2021-08-09 08:00:00,31.112350153331477
2021-08-09 09:00:00,55.462184873949575
2021-08-09 10:00:00,56.23430962343096
2021-08-09 11:00:00,47.1703373292445
2021-08-09 12:00:00,123.44577641483134
2021-08-09 13:00:00,38.13771954279342
2021-08-09 14:00:00,61.22107610816839
2021-08-09 15:00:00,197.7691020635806
2021-08-09 16:00:00,43.16787506971556
2021-08-09 17:00:00,96.34792305547812
2021-08-09 18:00:00,73.26456649010315
2021-08-09 19:00:00,97.35154725397268
2021-08-09 20:00:00,165.64417177914112
2021-08-09 21:00:00,256.9277948146083
2021-08-09 22:00:00,152.55087817117368
2021-08-09 23:00:00,82.29718427655422
2021-08-10 00:00:00,87.36401673640167
2021-08-10 01:00:00,87.38839285714286
2021-08-10 02:00:00,99.38650306748465
2021-08-10 03:00:00,155.56175076665738
2021-08-10 04:00:00,178.69492470719464
2021-08-10 05:00:00,147.53275717870085
2021-08-10 06:00:00,253.9877300613497
2021-08-10 07:00:00,138.5001393922498
2021-08-10 08:00:00,180.65235572902148
2021-08-10 09:00:00,190.6885977139671
2021-08-10 10:00:00,233.90964863357502
2021-08-10 11:00:00,172.67150027886223
2021-08-10 12:00:00,148.74371859296483
2021-08-10 13:00:00,187.6777251184834
2021-08-10 14:00:00,88.31892946752161
2021-08-10 15:00:00,295.1477969882878
2021-08-10 16:00:00,167.60524114859214
2021-08-10 17:00:00,256.9277948146083
2021-08-10 18:00:00,184.66685252299973
2021-08-10 19:00:00,226.8190688597714
2021-08-10 20:00:00,274.29528328216577
2021-08-10 21:00:00,212.8276631344116
2021-08-10 22:00:00,198.71759130192362
2021-08-10 23:00:00,206.8042387060792
2021-08-11 00:00:00,207.75020908837467
2021-08-11 01:00:00,155.60513106525377
2021-08-11 02:00:00,180.65235572902148
2021-08-11 03:00:00,302.1751254880089
2021-08-11 04:00:00,244.88430443267356
2021-08-11 05:00:00,281.0931399888455
2021-08-11 06:00:00,202.78862242052426
2021-08-11 07:00:00,212.76833008084748
2021-08-11 08:00:00,115.44896820970442
2021-08-11 09:00:00,253.98773006134968
2021-08-11 10:00:00,220.10050251256283
2021-08-11 11:00:00,186.7261572783045
2021-08-11 12:00:00,190.6885977139671
2021-08-11 13:00:00,205.74296069138555
2021-08-11 14:00:00,135.52704963747908
2021-08-11 15:00:00,200.72483969891275
2021-08-11 16:00:00,181.65597992751603
2021-08-11 17:00:00,206.7465848898801
2021-08-11 18:00:00,106.47321428571429
2021-08-11 19:00:00,136.49289099526067
2021-08-11 20:00:00,145.56609035136643
2021-08-11 21:00:00,135.56485355648536
2021-08-11 22:00:00,185.72225320691578
2021-08-11 23:00:00,165.73660714285714
2021-08-12 00:00:00,265.252581635501
2021-08-12 01:00:00,100.36241984945636
2021-08-12 02:00:00,330.2844394868935
2021-08-12 03:00:00,122.44215221633678
2021-08-12 04:00:00,157.65690376569037
2021-08-12 05:00:00,160.62465142219742
2021-08-12 06:00:00,203.79252649191298
2021-08-12 07:00:00,282.0183997769724
2021-08-12 08:00:00,129.5397489539749
2021-08-12 09:00:00,200.72483969891275
2021-08-12 10:00:00,162.12587412587413
2021-08-12 11:00:00,239.9330730619074
2021-08-12 12:00:00,197.7691020635806
2021-08-12 13:00:00,143.99999999999997
2021-08-12 14:00:00,217.67923985027352
2021-08-12 15:00:00,178.69492470719464
2021-08-12 16:00:00,190.6885977139671
2021-08-12 17:00:00,193.91571308958973
2021-08-12 18:00:00,181.80803571428572
2021-08-12 19:00:00,212.7683300808475
2021-08-12 20:00:00,173.67540435025097
2021-08-12 21:00:00,154.60122699386503
2021-08-12 22:00:00,124.484104852203
2021-08-12 23:00:00,158.61684327941998
2021-08-13 00:00:00,98.41004184100419
2021-08-13 01:00:00,249.97211377579478
2021-08-13 02:00:00,148.5778025655326
2021-08-13 03:00:00,239.86618344020073
2021-08-13 04:00:00,204.739336492891
2021-08-13 05:00:00,314.13437412879847
2021-08-13 06:00:00,272.0580033463469
2021-08-13 07:00:00,170.61611374407582
2021-08-13 08:00:00,229.8299414552551
2021-08-13 09:00:00,145.56609035136643
2021-08-13 10:00:00,173.9664804469274
2021-08-13 11:00:00,75.06516072980017
2021-08-13 12:00:00,199.72121550041817
2021-08-13 13:00:00,231.90184049079753
2021-08-13 14:00:00,109.39503763590744
2021-08-13 15:00:00,83.30080847504878
2021-08-13 16:00:00,269.04629113218067
2021-08-13 17:00:00,115.41678282687482
2021-08-13 18:00:00,182.6596041260106
2021-08-13 19:00:00,221.98660714285714
2021-08-13 20:00:00,124.484104852203
2021-08-13 21:00:00,92.38493723849372
2021-08-13 22:00:00,128.57142857142858
2021-08-13 23:00:00,141.51101198773347
2021-08-14 00:00:00,102.42677824267783
2021-08-14 01:00:00,446.6127683300808
2021-08-14 02:00:00,194.75738984941438
2021-08-14 03:00:00,262.94954000557567
2021-08-14 04:00:00,224.05805191180576
2021-08-14 05:00:00,229.8940323480201
2021-08-14 06:00:00,180.7027328499721
2021-08-14 07:00:00,557.0114301644828
2021-08-14 08:00:00,139.54266592303404
2021-08-14 09:00:00,54.210819854991634
2021-08-14 10:00:00,165.59799275160302
2021-08-14 11:00:00,108.39141343741288
2021-08-14 12:00:00,175.63423473654865
2021-08-14 13:00:00,135.60267857142858
2021-08-14 14:00:00,227.8862242052426
2021-08-14 15:00:00,125.48800892359175
2021-08-14 16:00:00,84.32794199665365
2021-08-14 17:00:00,105.40992749581707
2021-08-14 18:00:00,151.54725397267913
2021-08-14 19:00:00,193.75348577802563
2021-08-14 20:00:00,249.90242542514636
2021-08-14 21:00:00,125.48800892359175
2021-08-14 22:00:00,312.12712573180926
2021-08-14 23:00:00,299.08001115137995
2021-08-15 00:00:00,106.38416504042374
2021-08-15 01:00:00,168.6558839933073
2021-08-15 02:00:00,194.75738984941438
2021-08-15 03:00:00,137.49651519375522
2021-08-15 04:00:00,328.18511290772227
2021-08-15 05:00:00,355.38204127161185
2021-08-15 06:00:00,73.28499721137757
2021-08-15 07:00:00,156.56537496515193
2021-08-15 08:00:00,107.41773563859454
2021-08-15 09:00:00,170.66369213608476
2021-08-15 10:00:00,98.38259899609594
2021-08-15 11:00:00,167.69874476987448
2021-08-15 12:00:00,129.4675216057987
2021-08-15 13:00:00,103.37329244494006
2021-08-15 14:00:00,210.81985499163412
2021-08-15 15:00:00,200.72483969891275
2021-08-15 16:00:00,338.3156720580034
2021-08-15 17:00:00,152.63598326359832
2021-08-15 18:00:00,81.31622978248744
2021-08-15 19:00:00,312.3012552301255
2021-08-15 20:00:00,226.88232013385385
2021-08-15 21:00:00,200.72483969891275
2021-08-15 22:00:00,155.60513106525374
2021-08-15 23:00:00,162.5871201561193
2021-08-16 00:00:00,113.50446428571429
2021-08-16 01:00:00,292.8711210511602
2021-08-16 02:00:00,135.52704963747908
2021-08-16 03:00:00,56.2186279977691
2021-08-16 04:00:00,271.9821577920268
2021-08-16 05:00:00,206.80423870607922
2021-08-16 06:00:00,80.28993587956509
2021-08-16 07:00:00,132.47839420128238
2021-08-16 08:00:00,125.00700084010082
2021-08-16 09:00:00,207.8081427774679
2021-08-16 10:00:00,186.7261572783045
2021-08-16 11:00:00,116.42040702536939
2021-08-16 12:00:00,247.96430563301726
2021-08-16 13:00:00,176.73640167364016
2021-08-16 14:00:00,112.75862068965517
2021-08-16 15:00:00,156.6090351366425
2021-08-16 16:00:00,275.99665458600504
2021-08-16 17:00:00,149.58170663692138
2021-08-16 18:00:00,127.4602732088096
2021-08-16 19:00:00,290.1282766313441
2021-08-16 20:00:00,270.05019520356944
2021-08-16 21:00:00,238.86255924170615
2021-08-16 22:00:00,119.43127962085306
2021-08-16 23:00:00,173.67540435025097
2021-08-17 00:00:00,208.75383328686925
2021-08-17 01:00:00,143.51826038472262
2021-08-17 02:00:00,167.60524114859214
2021-08-17 03:00:00,169.65978806469604
2021-08-17 04:00:00,261.9459158070811
2021-08-17 05:00:00,231.96652719665272
2021-08-17 06:00:00,205.74296069138555
2021-08-17 07:00:00,160.6694560669456
2021-08-17 08:00:00,145.52550878171175
2021-08-17 09:00:00,144.56218627997768
2021-08-17 10:00:00,163.5907443546139
2021-08-17 11:00:00,193.75348577802566
2021-08-17 12:00:00,172.62336214106494
2021-08-17 13:00:00,255.92417061611374
2021-08-17 14:00:00,306.1907417735639
2021-08-17 15:00:00,148.53638137719543
2021-08-17 16:00:00,157.5689991636465
2021-08-17 17:00:00,201.7284638974073
2021-08-17 18:00:00,188.681349316978
2021-08-17 19:00:00,186.77824267782427
2021-08-17 20:00:00,205.80033463469044
2021-08-17 21:00:00,237.8589350432116
2021-08-17 22:00:00,209.93303571428572
2021-08-17 23:00:00,267.03848298940324
2021-08-18 00:00:00,140.54656999442275
2021-08-18 01:00:00,117.16272600834492
2021-08-18 02:00:00,132.4045695179716
2021-08-18 03:00:00,266.03457891801446
2021-08-18 04:00:00,198.82845188284517
2021-08-18 05:00:00,181.65597992751603
2021-08-18 06:00:00,163.63636363636365
2021-08-18 07:00:00,154.5581265681628
2021-08-18 08:00:00,225.81544466127684
2021-08-18 09:00:00,141.55047406581147
2021-08-18 10:00:00,167.60524114859214
2021-08-18 11:00:00,296.0691385558963
2021-08-18 12:00:00,203.73571229439642
2021-08-18 13:00:00,219.79369947030946
2021-08-18 14:00:00,156.65271966527197
2021-08-18 15:00:00,223.80819626428772
2021-08-18 16:00:00,289.04376916643434
2021-08-18 17:00:00,171.6197379425704
2021-08-18 18:00:00,208.87029288702928
2021-08-18 19:00:00,143.51826038472262
2021-08-18 20:00:00,143.51826038472262
2021-08-18 21:00:00,103.37329244494006
2021-08-18 22:00:00,137.53485778025654
2021-08-18 23:00:00,199.72121550041817
2021-08-19 00:00:00,148.53638137719543
2021-08-19 01:00:00,141.5899581589958
2021-08-19 02:00:00,162.6324595649749
2021-08-19 03:00:00,225.87841606246513
2021-08-19 04:00:00,240.86980763869528
2021-08-19 05:00:00,185.67047672149428
2021-08-19 06:00:00,162.6324595649749
2021-08-19 07:00:00,155.56175076665738
2021-08-19 08:00:00,130.5075292805354
2021-08-19 09:00:00,115.41678282687482
2021-08-19 10:00:00,177.64148313353778
2021-08-19 11:00:00,117.42403122386395
2021-08-19 12:00:00,210.76108168385838
2021-08-19 13:00:00,236.9213608477412
2021-08-19 14:00:00,146.56999442275517
2021-08-19 15:00:00,167.65197992191855
2021-08-19 16:00:00,161.71875
2021-08-19 17:00:00,178.64510733203235
2021-08-19 18:00:00,204.79643056330173
2021-08-19 19:00:00,154.55812656816283
2021-08-19 20:00:00,230.8979364194088
2021-08-19 21:00:00,80.28993587956509
2021-08-19 22:00:00,84.30443267354335
2021-08-19 23:00:00,119.46458449525933
2021-08-20 00:00:00,203.73571229439642
2021-08-20 01:00:00,143.51826038472262
2021-08-20 02:00:00,178.69492470719464
2021-08-20 03:00:00,126.45664901031503
2021-08-20 04:00:00,251.9096738221355
2021-08-20 05:00:00,234.84806244772787
2021-08-20 06:00:00,138.5387618516453
2021-08-20 07:00:00,152.55087817117368
2021-08-20 08:00:00,132.4783942012824
2021-08-20 09:00:00,139.581589958159
2021-08-20 10:00:00,117.42403122386395
2021-08-20 11:00:00,230.8979364194088
2021-08-20 12:00:00,201.84100418410043
2021-08-20 13:00:00,283.02202397546694
2021-08-20 14:00:00,163.63636363636363
2021-08-20 15:00:00,69.2500696961249
2021-08-20 16:00:00,331.2883435582822
2021-08-20 17:00:00,96.37479085331846
2021-08-20 18:00:00,238.86255924170615
2021-08-20 19:00:00,175.63423473654865
2021-08-20 20:00:00,141.55047406581147
2021-08-20 21:00:00,132.47839420128238
2021-08-20 22:00:00,195.76129392080313
2021-08-20 23:00:00,167.60524114859214
2021-08-21 00:00:00,68.24644549763033
2021-08-21 01:00:00,240.86980763869528
2021-08-21 02:00:00,139.542665923034
2021-08-21 03:00:00,131.51143335192415
2021-08-21 04:00:00,236.855310844717
2021-08-21 05:00:00,311.2102621305075
2021-08-21 06:00:00,169.61248954558127
2021-08-21 07:00:00,140.54656999442275
2021-08-21 08:00:00,160.6694560669456
2021-08-21 09:00:00,129.50362520914666
2021-08-21 10:00:00,147.61506276150627
2021-08-21 11:00:00,132.4783942012824
2021-08-21 12:00:00,180.65235572902148
2021-08-21 13:00:00,161.58349595762476
2021-08-21 14:00:00,184.71834913552703
2021-08-21 15:00:00,194.70309450794534
2021-08-21 16:00:00,206.7465848898801
2021-08-21 17:00:00,192.6958461109562
2021-08-21 18:00:00,177.64148313353778
2021-08-21 19:00:00,154.5581265681628
2021-08-21 20:00:00,192.80334728033472
2021-08-21 21:00:00,137.49651519375522
2021-08-21 22:00:00,159.6652719665272
2021-08-21 23:00:00,129.57589285714286
2021-08-22 00:00:00,157.5689991636465
2021-08-22 01:00:00,199.72121550041817
2021-08-22 02:00:00,142.55437813720022
2021-08-22 03:00:00,126.45664901031502
2021-08-22 04:00:00,188.68134931697796
2021-08-22 05:00:00,224.81182046278226
2021-08-22 06:00:00,193.75348577802566
2021-08-22 07:00:00,161.58349595762476
2021-08-22 08:00:00,205.85774058577405
2021-08-22 09:00:00,204.79643056330173
2021-08-22 10:00:00,193.80753138075315
2021-08-22 11:00:00,168.6088653470867
2021-08-22 12:00:00,198.71759130192362
2021-08-22 13:00:00,263.9531642040703
2021-08-22 14:00:00,248.10267857142858
2021-08-22 15:00:00,211.82375906302286
2021-08-22 16:00:00,377.5732217573222
2021-08-22 17:00:00,230.83356565374962
2021-08-22 18:00:00,127.49581706636921
2021-08-22 19:00:00,175.63423473654865
2021-08-22 20:00:00,168.6088653470867
2021-08-22 21:00:00,187.07865168539325
2021-08-22 22:00:00,115.4489682097044
2021-08-22 23:00:00,154.5581265681628
2021-08-23 00:00:00,190.74177356385945
2021-08-23 01:00:00,169.0802348336595
2021-08-23 02:00:00,273.2142857142857
2021-08-23 03:00:00,268.04238706079195
2021-08-23 04:00:00,241.0041841004184
2021-08-23 05:00:00,404.4605519933092
2021-08-23 06:00:00,186.67410091998886
2021-08-23 07:00:00,165.6441717791411
2021-08-23 08:00:00,195.7612939208031
2021-08-23 09:00:00,207.75020908837467
2021-08-23 10:00:00,202.73208809590187
2021-08-23 11:00:00,331.19598550320603
2021-08-23 12:00:00,254.99163413273843
2021-08-23 13:00:00,226.88232013385388
2021-08-23 14:00:00,291.0510175634235
2021-08-23 15:00:00,207.8081427774679
2021-08-23 16:00:00,205.74296069138555
2021-08-23 17:00:00,407.47142458879284
2021-08-23 18:00:00,235.91745677635248
2021-08-23 19:00:00,292.05464176191805
2021-08-23 20:00:00,205.85774058577405
2021-08-23 21:00:00,204.96790399106894
2021-08-23 22:00:00,204.739336492891
2021-08-23 23:00:00,174.6306105380541
2021-08-24 00:00:00,156.56537496515193
2021-08-24 01:00:00,201.78471834913552
2021-08-24 02:00:00,139.50376359074437
2021-08-24 03:00:00,209.75745748536383
2021-08-24 04:00:00,152.59341885108756
2021-08-24 05:00:00,195.70671870643991
2021-08-24 06:00:00,214.83547127718904
2021-08-24 07:00:00,93.33705045999443
2021-08-24 08:00:00,169.61248954558127
2021-08-24 09:00:00,147.53275717870088
2021-08-24 10:00:00,158.57262336214106
2021-08-24 11:00:00,172.71966527196653
2021-08-24 12:00:00,178.64510733203235
2021-08-24 13:00:00,175.73221757322176
2021-08-24 14:00:00,141.5110119877335
2021-08-24 15:00:00,217.84718349135525
2021-08-24 16:00:00,259.938667410092
2021-08-24 17:00:00,265.9604126010594
2021-08-24 18:00:00,170.61611374407582
2021-08-24 19:00:00,218.9121338912134
2021-08-24 20:00:00,166.60161695009756
2021-08-24 21:00:00,94.366982710541
2021-08-24 22:00:00,232.84081405073877
2021-08-24 23:00:00,130.5075292805354
2021-08-25 00:00:00,129.4675216057987
2021-08-25 01:00:00,163.5907443546139
2021-08-25 02:00:00,132.5153374233129
2021-08-25 03:00:00,156.39097744360902
2021-08-25 04:00:00,260.2892102335929
2021-08-25 05:00:00,225.81544466127684
2021-08-25 06:00:00,166.64807585052984
2021-08-25 07:00:00,171.6197379425704
2021-08-25 08:00:00,207.86610878661088
2021-08-25 09:00:00,245.9564974902398
2021-08-25 10:00:00,198.77300613496934
2021-08-25 11:00:00,266.9640367995539
2021-08-25 12:00:00,129.4675216057987
2021-08-25 13:00:00,243.88068023417898
2021-08-25 14:00:00,274.06581148912437
2021-08-25 15:00:00,187.78242677824267
2021-08-25 16:00:00,102.39821528165086
2021-08-25 17:00:00,114.41315862838026
2021-08-25 18:00:00,173.67540435025097
2021-08-25 19:00:00,242.94478527607365
2021-08-25 20:00:00,172.67150027886223
2021-08-25 21:00:00,194.70309450794537
2021-08-25 22:00:00,127.49581706636923
2021-08-25 23:00:00,128.46389740730416
2021-08-26 00:00:00,121.47239263803681
2021-08-26 01:00:00,138.5387618516453
2021-08-26 02:00:00,152.59341885108756
2021-08-26 03:00:00,178.59531772575252
2021-08-26 04:00:00,124.484104852203
2021-08-26 05:00:00,154.5581265681628
2021-08-26 06:00:00,181.70663692136085
2021-08-26 07:00:00,214.77557847783663
2021-08-26 08:00:00,238.86255924170612
2021-08-26 09:00:00,131.47477000278784
2021-08-26 10:00:00,234.91355270496376
2021-08-26 11:00:00,155.56175076665738
2021-08-26 12:00:00,252.91329802063007
2021-08-26 13:00:00,187.6777251184834
2021-08-26 14:00:00,120.46848856664806
2021-08-26 15:00:00,238.79598662207357
2021-08-26 16:00:00,245.9564974902398
2021-08-26 17:00:00,111.40228603289657
2021-08-26 18:00:00,155.56175076665738
2021-08-26 19:00:00,130.5075292805354
2021-08-26 20:00:00,172.67150027886225
2021-08-26 21:00:00,100.36241984945637
2021-08-26 22:00:00,192.69584611095624
2021-08-26 23:00:00,143.51826038472262
2021-08-27 00:00:00,161.62855549358616
2021-08-27 01:00:00,157.5689991636465
2021-08-27 02:00:00,125.45302481182047
2021-08-27 03:00:00,156.56537496515193
2021-08-27 04:00:00,266.03457891801446
2021-08-27 05:00:00,235.85168664622245
2021-08-27 06:00:00,209.93303571428572
2021-08-27 07:00:00,108.45188284518828
2021-08-27 08:00:00,198.71759130192362
2021-08-27 09:00:00,133.51924149470162
2021-08-27 10:00:00,182.71054099274957
2021-08-27 11:00:00,140.46822742474916
2021-08-27 12:00:00,237.99163179916317
2021-08-27 13:00:00,258.14732142857144
2021-08-27 14:00:00,276.1506276150628
2021-08-27 15:00:00,192.6958461109562
2021-08-27 16:00:00,160.57987175913019
2021-08-27 17:00:00,115.41678282687482
2021-08-27 18:00:00,197.82426778242677
2021-08-27 19:00:00,232.9057445621863
2021-08-27 20:00:00,131.51143335192415
2021-08-27 21:00:00,135.52704963747908
2021-08-27 22:00:00,119.43127962085308
2021-08-27 23:00:00,183.66322832450516
2021-08-28 00:00:00,173.67540435025097
2021-08-28 01:00:00,167.74553571428572
2021-08-28 02:00:00,119.46458449525934
2021-08-28 03:00:00,133.48201839977696
2021-08-28 04:00:00,147.53275717870085
2021-08-28 05:00:00,184.6668525229997
2021-08-28 06:00:00,273.0619074177356
2021-08-28 07:00:00,372.3445776414831
2021-08-28 08:00:00,133.482018399777
2021-08-28 09:00:00,99.35879565096182
2021-08-28 10:00:00,254.92054641761916
2021-08-28 11:00:00,219.79369947030943
2021-08-28 12:00:00,184.71834913552703
2021-08-28 13:00:00,265.9604126010594
2021-08-28 14:00:00,161.58349595762476
2021-08-28 15:00:00,200.72483969891277
2021-08-28 16:00:00,126.45664901031505
2021-08-28 17:00:00,161.62855549358616
2021-08-28 18:00:00,132.4783942012824
2021-08-28 19:00:00,147.53275717870088
2021-08-28 20:00:00,127.49581706636921
2021-08-28 21:00:00,201.78471834913552
2021-08-28 22:00:00,187.6777251184834
2021-08-28 23:00:00,214.01060563773373
2021-08-29 00:00:00,147.53275717870088
2021-08-29 01:00:00,99.35879565096181
2021-08-29 02:00:00,299.16341327384276
2021-08-29 03:00:00,250.90604962364097
2021-08-29 04:00:00,202.78862242052426
2021-08-29 05:00:00,188.681349316978
2021-08-29 06:00:00,121.47239263803681
2021-08-29 07:00:00,171.61973794257037
2021-08-29 08:00:00,124.44940061332589
2021-08-29 09:00:00,90.35136642498605
2021-08-29 10:00:00,267.96766099804853
2021-08-29 11:00:00,190.74177356385945
2021-08-29 12:00:00,132.47839420128238
2021-08-29 13:00:00,125.45302481182047
2021-08-29 14:00:00,322.2532069157836
2021-08-29 15:00:00,182.6596041260106
2021-08-29 16:00:00,241.87343183718986
2021-08-29 17:00:00,269.04629113218067
2021-08-29 18:00:00,158.57262336214106
2021-08-29 19:00:00,153.55450236966826
2021-08-29 20:00:00,156.60903513664252
2021-08-29 21:00:00,226.81906885977142
2021-08-29 22:00:00,178.69492470719464
2021-08-29 23:00:00,102.3696682464455
2021-08-30 00:00:00,195.7612939208031
2021-08-30 01:00:00,183.1190609278927
2021-08-30 02:00:00,128.53556485355648
2021-08-30 03:00:00,155.56175076665738
2021-08-30 04:00:00,137.49651519375522
2021-08-30 05:00:00,137.53485778025654
2021-08-30 06:00:00,242.07589285714286
2021-08-30 07:00:00,168.6088653470867
2021-08-30 08:00:00,217.78645107332034
2021-08-30 09:00:00,175.63423473654865
2021-08-30 10:00:00,222.86670384829893
2021-08-30 11:00:00,226.7558528428094
2021-08-30 12:00:00,265.03067484662574
2021-08-30 13:00:00,243.94868934746236
2021-08-30 14:00:00,317.1452467242821
2021-08-30 15:00:00,138.50013939224976
2021-08-30 16:00:00,215.77920267633118
2021-08-30 17:00:00,131.47477000278786
2021-08-30 18:00:00,136.49289099526067
2021-08-30 19:00:00,111.40228603289657
2021-08-30 20:00:00,99.35879565096181
2021-08-30 21:00:00,79.30842163970998
2021-08-30 22:00:00,111.40228603289655
2021-08-30 23:00:00,177.64148313353775
2021-08-31 00:00:00,175.63423473654862
2021-08-31 01:00:00,101.42259414225941
2021-08-31 02:00:00,86.31168107053247
2021-08-31 03:00:00,88.31892946752161
2021-08-31 04:00:00,144.5218845832172
2021-08-31 05:00:00,63.24595649749024
2021-08-31 06:00:00,221.80094786729856
2021-08-31 07:00:00,82.32013385387619
2021-08-31 08:00:00,99.35879565096181
2021-08-31 09:00:00,148.53638137719543
2021-08-31 10:00:00,297.1556051310652
2021-08-31 11:00:00,136.49289099526064
2021-08-31 12:00:00,310.11987733482016
2021-08-31 13:00:00,129.32921695200673
2021-08-31 14:00:00,122.44215221633678
2021-08-31 15:00:00,148.53638137719543
2021-08-31 16:00:00,260.0111544896821
2021-08-31 17:00:00,168.65588399330733
2021-08-31 18:00:00,144.48160535117057
2021-08-31 19:00:00,243.94868934746236
2021-08-31 20:00:00,177.6910206358059
2021-08-31 21:00:00,109.39503763590744
2021-08-31 22:00:00,111.40228603289657
2021-08-31 23:00:00,150.54362977418455
2021-09-01 00:00:00,113.44116006692694
2021-09-01 01:00:00,103.37329244494005
2021-09-01 02:00:00,111.40228603289657
2021-09-01 03:00:00,86.33575013943113
2021-09-01 04:00:00,118.4606804238706
2021-09-01 05:00:00,117.42403122386395
2021-09-01 06:00:00,116.42040702536939
2021-09-01 07:00:00,179.6988287785834
2021-09-01 08:00:00,198.7730061349693
2021-09-01 09:00:00,135.4892667967661
2021-09-01 10:00:00,164.5484949832776
2021-09-01 11:00:00,221.80094786729856
2021-09-01 12:00:00,88.76435976463996
2021-09-01 13:00:00,144.52188458321717
2021-09-01 14:00:00,242.94478527607362
2021-09-01 15:00:00,202.73208809590187
2021-09-01 16:00:00,101.08423686405338
2021-09-01 17:00:00,117.3259052924791
2021-09-01 18:00:00,238.9291689905187
2021-09-01 19:00:00,138.5001393922498
2021-09-01 20:00:00,117.45677635248187
2021-09-01 21:00:00,98.35517145246725
2021-09-01 22:00:00,70.25369389461946
2021-09-01 23:00:00,166.60161695009756
2021-09-02 00:00:00,129.4675216057987
2021-09-02 01:00:00,95.34429885698356
2021-09-02 02:00:00,183.71444506413832
2021-09-02 03:00:00,138.46153846153845
2021-09-02 04:00:00,114.44506413831567
2021-09-02 05:00:00,189.68497351547254
2021-09-02 06:00:00,147.53275717870088
2021-09-02 07:00:00,144.52188458321717
2021-09-02 08:00:00,93.36307863915225
2021-09-02 09:00:00,439.5873989406189
2021-09-02 10:00:00,137.49651519375522
2021-09-02 11:00:00,291.0510175634235
2021-09-02 12:00:00,157.5689991636465
2021-09-02 13:00:00,144.56218627997768
2021-09-02 14:00:00,156.47784632641617
2021-09-02 15:00:00,169.65978806469602
2021-09-02 16:00:00,280.0111513799833
2021-09-02 17:00:00,108.39141343741288
2021-09-02 18:00:00,248.8988012266518
2021-09-02 19:00:00,202.73208809590187
2021-09-02 20:00:00,191.69222191246166
2021-09-02 21:00:00,85.40329332961205
2021-09-02 22:00:00,125.45302481182046
2021-09-02 23:00:00,103.37329244494006
2021-09-03 00:00:00,143.51826038472262
2021-09-03 01:00:00,300.08363534987456
2021-09-03 02:00:00,170.61611374407582
2021-09-03 03:00:00,169.65978806469602
2021-09-03 04:00:00,196.76519799219184
2021-09-03 05:00:00,123.48020078081427
2021-09-03 06:00:00,246.96040156162854
2021-09-03 07:00:00,128.46389740730416
2021-09-03 08:00:00,249.90242542514636
2021-09-03 09:00:00,197.7578475336323
2021-09-03 10:00:00,141.51101198773347
2021-09-03 11:00:00,150.54362977418455
2021-09-03 12:00:00,123.48020078081429
2021-09-03 13:00:00,226.88232013385385
2021-09-03 14:00:00,249.90242542514633
2021-09-03 15:00:00,146.5291329802063
2021-09-03 16:00:00,170.61611374407582
2021-09-03 17:00:00,250.90604962364094
2021-09-03 18:00:00,252.98382598996096
2021-09-03 19:00:00,161.62855549358616
2021-09-03 20:00:00,101.36604404795094
2021-09-03 21:00:00,135.52704963747908
2021-09-03 22:00:00,132.4783942012824
2021-09-03 23:00:00,131.47477000278784
2021-09-04 00:00:00,134.52314556609034
2021-09-04 01:00:00,131.51143335192415
2021-09-04 02:00:00,190.68859771396708
2021-09-04 03:00:00,112.43725599553821
2021-09-04 04:00:00,102.3696682464455
2021-09-04 05:00:00,116.42040702536939
2021-09-04 06:00:00,138.5001393922498
2021-09-04 07:00:00,50.19520356943669
2021-09-04 08:00:00,81.29356007805966
2021-09-04 09:00:00,101.39431121026213
2021-09-04 10:00:00,117.42403122386395
2021-09-04 11:00:00,197.7691020635806
2021-09-04 12:00:00,169.7071129707113
2021-09-04 13:00:00,140.50738778923892
2021-09-04 14:00:00,272.05800334634694
2021-09-04 15:00:00,233.84443824923335
2021-09-04 16:00:00,195.8705357142857
2021-09-04 17:00:00,123.54910714285715
2021-09-04 18:00:00,80.28993587956509
2021-09-04 19:00:00,71.25731809311402
2021-09-04 20:00:00,112.40591023139113
2021-09-04 21:00:00,83.32403792526492
2021-09-04 22:00:00,63.0175048624618
2021-09-04 23:00:00,99.33110367892976
2021-09-05 00:00:00,156.56537496515193
2021-09-05 01:00:00,231.83718985224422
2021-09-05 02:00:00,245.8879286311681
2021-09-05 03:00:00,147.5738984941439
2021-09-05 04:00:00,178.64510733203232
2021-09-05 05:00:00,169.61248954558124
2021-09-05 06:00:00,152.55087817117368
2021-09-05 07:00:00,98.38259899609594
2021-09-05 08:00:00,109.4560669456067
2021-09-05 09:00:00,91.3552704963748
2021-09-05 10:00:00,104.40602342442833
2021-09-05 11:00:00,197.82426778242677
2021-09-05 12:00:00,196.76519799219187
2021-09-05 13:00:00,165.59799275160302
2021-09-05 14:00:00,223.87060791968767
2021-09-05 15:00:00,157.5689991636465
2021-09-05 16:00:00,78.28268748257597
2021-09-05 17:00:00,46.16671313074993
2021-09-05 18:00:00,66.25766871165644
2021-09-05 19:00:00,84.30443267354335
2021-09-05 20:00:00,99.35879565096181
2021-09-05 21:00:00,69.26938092582265
2021-09-05 22:00:00,74.2889012827663
2021-09-05 23:00:00,143.63839285714286
2021-09-06 00:00:00,78.28268748257597
2021-09-06 01:00:00,137.84237003912799
2021-09-06 02:00:00,84.375
2021-09-06 03:00:00,55.199330917201
2021-09-06 04:00:00,101.36604404795094
2021-09-06 05:00:00,166.64807585052984
2021-09-06 06:00:00,120.43490381934764
2021-09-06 07:00:00,57.20657931419013
2021-09-06 08:00:00,126.45664901031503
2021-09-06 09:00:00,156.56537496515193
2021-09-06 10:00:00,180.65235572902148
2021-09-06 11:00:00,50.1952035694367
2021-09-06 12:00:00,68.2654768544339
2021-09-06 13:00:00,225.81544466127684
2021-09-06 14:00:00,210.76108168385838
2021-09-06 15:00:00,70.25369389461946
2021-09-06 16:00:00,58.22643614054657
2021-09-06 17:00:00,210.81985499163414
2021-09-06 18:00:00,187.6777251184834
2021-09-06 19:00:00,80.31232571109871
2021-09-06 20:00:00,71.25731809311402
2021-09-06 21:00:00,41.16006692693809
2021-09-06 22:00:00,52.17391304347826
2021-09-06 23:00:00,81.33891213389121
2021-09-07 00:00:00,96.34792305547812
2021-09-07 01:00:00,108.42163970998327
2021-09-07 02:00:00,110.4602510460251
2021-09-07 03:00:00,124.484104852203
2021-09-07 04:00:00,159.57624756063564
2021-09-07 05:00:00,239.93307306190744
2021-09-07 06:00:00,130.4711458042933
2021-09-07 07:00:00,62.22470030666295
2021-09-07 08:00:00,114.41315862838024
2021-09-07 09:00:00,97.35154725397267
2021-09-07 10:00:00,104.37691664343463
2021-09-07 11:00:00,255.92417061611374
2021-09-07 12:00:00,113.4095344298857
2021-09-07 13:00:00,137.61160714285714
2021-09-07 14:00:00,264.9567884025648
2021-09-07 15:00:00,272.0580033463469
2021-09-07 16:00:00,92.33342626149987
2021-09-07 17:00:00,72.26094229160859
2021-09-07 18:00:00,77.2790632840814
2021-09-07 19:00:00,81.31622978248745
2021-09-07 20:00:00,90.32617786451073
2021-09-07 21:00:00,84.30443267354335
2021-09-07 22:00:00,114.41315862838024
2021-09-07 23:00:00,110.39866183440199
2021-09-08 00:00:00,242.8770560356844
2021-09-08 01:00:00,251.0460251046025
2021-09-08 02:00:00,95.37088678192973
2021-09-08 03:00:00,129.50362520914666
2021-09-08 04:00:00,148.53638137719543
2021-09-08 05:00:00,80.28993587956509
2021-09-08 06:00:00,156.56537496515193
2021-09-08 07:00:00,84.32794199665366
2021-09-08 08:00:00,173.62698633955955
2021-09-08 09:00:00,84.30443267354335
2021-09-08 10:00:00,81.29356007805966
2021-09-08 11:00:00,90.32617786451073
2021-09-08 12:00:00,146.5291329802063
2021-09-08 13:00:00,210.76108168385838
2021-09-08 14:00:00,182.6596041260106
2021-09-08 15:00:00,188.7866108786611
2021-09-08 16:00:00,99.35879565096181
2021-09-08 17:00:00,77.2790632840814
2021-09-08 18:00:00,178.64510733203235
2021-09-08 19:00:00,112.40591023139113
2021-09-08 20:00:00,110.4602510460251
2021-09-08 21:00:00,167.60524114859214
2021-09-08 22:00:00,143.51826038472262
2021-09-08 23:00:00,141.5110119877335
2021-09-09 00:00:00,201.78471834913552
2021-09-09 01:00:00,159.6207473508087
2021-09-09 02:00:00,100.33444816053512
2021-09-09 03:00:00,235.91745677635248
2021-09-09 04:00:00,247.8951770281572
2021-09-09 05:00:00,153.59732292247628
2021-09-09 06:00:00,85.30805687203791
2021-09-09 07:00:00,204.79643056330173
2021-09-09 08:00:00,98.35517145246723
2021-09-09 09:00:00,67.24282129913576
2021-09-09 10:00:00,99.3587956509618
2021-09-09 11:00:00,152.55087817117368
2021-09-09 12:00:00,184.71834913552706
2021-09-09 13:00:00,160.5798717591302
2021-09-09 14:00:00,109.39503763590743
2021-09-09 15:00:00,176.6378589350432
2021-09-09 16:00:00,312.21416620189626
2021-09-09 17:00:00,312.1271257318093
2021-09-09 18:00:00,82.34309623430963
2021-09-09 19:00:00,101.42259414225941
2021-09-09 20:00:00,63.24595649749024
2021-09-09 21:00:00,63.228324505157524
2021-09-09 22:00:00,78.28268748257597
2021-09-09 23:00:00,95.34429885698354
2021-09-10 00:00:00,90.42701646664807
2021-09-10 01:00:00,128.46389740730416
2021-09-10 02:00:00,162.58712015611934
2021-09-10 03:00:00,139.50376359074434
2021-09-10 04:00:00,148.5778025655326
2021-09-10 05:00:00,238.86255924170615
2021-09-10 06:00:00,111.40228603289657
2021-09-10 07:00:00,56.23430962343096
2021-09-10 08:00:00,186.7261572783045
2021-09-10 09:00:00,117.42403122386393
2021-09-10 10:00:00,175.63423473654862
2021-09-10 11:00:00,53.206915783602895
2021-09-10 12:00:00,150.66964285714286
2021-09-10 13:00:00,186.2937062937063
2021-09-10 14:00:00,115.4489682097044
2021-09-10 15:00:00,112.4372559955382
2021-09-10 16:00:00,170.61611374407582
2021-09-10 17:00:00,166.60161695009756
2021-09-10 18:00:00,204.739336492891
2021-09-10 19:00:00,161.6285554935862
2021-09-10 20:00:00,109.425543781372
2021-09-10 21:00:00,210.76108168385838
2021-09-10 22:00:00,96.34792305547812
2021-09-10 23:00:00,144.52188458321717
2021-09-11 00:00:00,159.6207473508087
2021-09-11 01:00:00,135.52704963747908
2021-09-11 02:00:00,108.39141343741288
2021-09-11 03:00:00,117.48953974895397
2021-09-11 04:00:00,94.340674658489
2021-09-11 05:00:00,116.45287228109314
2021-09-11 06:00:00,157.70089285714286
2021-09-11 07:00:00,110.398661834402
2021-09-11 08:00:00,187.6777251184834
2021-09-11 09:00:00,231.96652719665272
2021-09-11 10:00:00,114.41315862838026
2021-09-11 11:00:00,104.40602342442833
2021-09-11 12:00:00,192.6958461109562
2021-09-11 13:00:00,108.42163970998327
2021-09-11 14:00:00,307.19464584495256
2021-09-11 15:00:00,88.34355828220859
2021-09-11 16:00:00,98.38259899609592
2021-09-11 17:00:00,287.11656441717787
2021-09-11 18:00:00,238.86255924170615
2021-09-11 19:00:00,155.56175076665738
2021-09-11 20:00:00,88.36820083682008
2021-09-11 21:00:00,68.2654768544339
2021-09-11 22:00:00,76.29670942554378
2021-09-11 23:00:00,86.31168107053247
2021-09-12 00:00:00,130.4711458042933
2021-09-12 01:00:00,95.34429885698356
2021-09-12 02:00:00,187.6777251184834
2021-09-12 03:00:00,233.0357142857143
2021-09-12 04:00:00,95.37088678192973
2021-09-12 05:00:00,176.78571428571428
2021-09-12 06:00:00,144.56218627997768
2021-09-12 07:00:00,67.26157278304518
2021-09-12 08:00:00,89.32255366601618
2021-09-12 09:00:00,96.37479085331846
2021-09-12 10:00:00,87.31530526902705
2021-09-12 11:00:00,190.74177356385945
2021-09-12 12:00:00,78.28268748257597
2021-09-12 13:00:00,147.53275717870085
2021-09-12 14:00:00,279.0075271814887
2021-09-12 15:00:00,230.83356565374962
2021-09-12 16:00:00,90.3765690376569
2021-09-12 17:00:00,109.39503763590743
2021-09-12 18:00:00,120.43490381934765
2021-09-12 19:00:00,139.50376359074437
2021-09-12 20:00:00,205.80033463469047
2021-09-12 21:00:00,153.55450236966826
2021-09-12 22:00:00,115.41678282687481
2021-09-12 23:00:00,120.43490381934764
2021-09-13 00:00:00,199.77691020635805
2021-09-13 01:00:00,126.7747344885411
2021-09-13 02:00:00,142.55437813720022
2021-09-13 03:00:00,161.71875
2021-09-13 04:00:00,155.69196428571428
2021-09-13 05:00:00,132.47839420128238
2021-09-13 06:00:00,147.53275717870088
2021-09-13 07:00:00,161.67364016736403
2021-09-13 08:00:00,210.7610816838584
2021-09-13 09:00:00,92.33342626149987
2021-09-13 10:00:00,87.31530526902705
2021-09-13 11:00:00,76.27543908558684
2021-09-13 12:00:00,215.8393753485778
2021-09-13 13:00:00,196.71034290493446
2021-09-13 14:00:00,106.38416504042374
2021-09-13 15:00:00,128.46389740730416
2021-09-13 16:00:00,103.37329244494008
2021-09-13 17:00:00,142.51463618622805
2021-09-13 18:00:00,286.03289657095064
2021-09-13 19:00:00,131.51143335192415
2021-09-13 20:00:00,117.42403122386393
2021-09-13 21:00:00,71.31696428571429
2021-09-13 22:00:00,51.18483412322276
2021-09-13 23:00:00,100.36241984945637
2021-09-14 00:00:00,134.52314556609036
2021-09-14 01:00:00,88.3189294675216
2021-09-14 02:00:00,66.23919710064119
2021-09-14 03:00:00,170.61611374407582
2021-09-14 04:00:00,127.49581706636923
2021-09-14 05:00:00,126.45664901031503
2021-09-14 06:00:00,101.36604404795094
2021-09-14 07:00:00,143.51826038472262
2021-09-14 08:00:00,85.30805687203791
2021-09-14 09:00:00,51.19910764082543
2021-09-14 10:00:00,82.2742474916388
2021-09-14 11:00:00,99.35879565096182
2021-09-14 12:00:00,157.5689991636465
2021-09-14 13:00:00,126.49191299498048
2021-09-14 14:00:00,294.06189015890715
2021-09-14 15:00:00,178.64510733203235
2021-09-14 16:00:00,250.9060496236409
2021-09-14 17:00:00,165.597992751603
2021-09-14 18:00:00,122.44215221633678
2021-09-14 19:00:00,152.59341885108756
2021-09-14 20:00:00,72.26094229160859
2021-09-14 21:00:00,60.23424428332403
2021-09-14 22:00:00,151.54725397267913
2021-09-14 23:00:00,133.51924149470162
2021-09-15 00:00:00,76.27543908558684
2021-09-15 01:00:00,119.46458449525933
2021-09-15 02:00:00,144.52188458321717
2021-09-15 03:00:00,197.97054009819968
2021-09-15 04:00:00,190.69024772051444
2021-09-15 05:00:00,183.4099553428292
2021-09-15 06:00:00,176.12966296514395
2021-09-15 07:00:00,168.8493705874587
2021-09-15 08:00:00,161.56907820977347
2021-09-15 09:00:00,154.2887858320882
2021-09-15 10:00:00,147.00849345440295
2021-09-15 11:00:00,139.7282010767177
2021-09-15 12:00:00,132.44790869903247
2021-09-15 13:00:00,125.16761632134723
2021-09-15 14:00:00,117.88732394366198
2021-09-15 15:00:00,143.6784817192297
2021-09-15 16:00:00,113.44116006692694
2021-09-15 17:00:00,369.9525272270315
2021-09-15 18:00:00,204.79643056330173
2021-09-15 19:00:00,71.27718906860011
2021-09-15 20:00:00,58.21020351268469
2021-09-15 21:00:00,93.33705045999443
2021-09-15 22:00:00,86.31168107053247
2021-09-15 23:00:00,100.36241984945637
2021-09-16 00:00:00,109.4560669456067
2021-09-16 01:00:00,95.34429885698356
2021-09-16 02:00:00,61.22107610816839
2021-09-16 03:00:00,77.2790632840814
2021-09-16 04:00:00,226.8190688597714
2021-09-16 05:00:00,120.46848856664806
2021-09-16 06:00:00,132.5153374233129
2021-09-16 07:00:00,145.60669456066947
2021-09-16 08:00:00,217.99831791421363
2021-09-16 09:00:00,124.2761692650334
2021-09-16 10:00:00,154.25709515859768
2021-09-16 11:00:00,119.46458449525933
2021-09-16 12:00:00,171.6197379425704
2021-09-16 13:00:00,115.41678282687482
2021-09-16 14:00:00,277.0002787844996
2021-09-16 15:00:00,261.0150585610708
2021-09-16 16:00:00,286.03289657095064
2021-09-16 17:00:00,257.71812080536915
2021-09-16 18:00:00,170.08666480290748
2021-09-16 19:00:00,80.37957019257605
2021-09-16 20:00:00,62.24205242610151
2021-09-16 21:00:00,72.26094229160859
2021-09-16 22:00:00,142.55437813720022
2021-09-16 23:00:00,172.62336214106494
2021-09-17 00:00:00,130.58035714285714
2021-09-17 01:00:00,183.71444506413832
2021-09-17 02:00:00,109.39503763590743
2021-09-17 03:00:00,140.5857740585774
2021-09-17 04:00:00,124.44940061332589
2021-09-17 05:00:00,101.42259414225941
2021-09-17 06:00:00,71.27718906860011
2021-09-17 07:00:00,89.32255366601618
2021-09-17 08:00:00,164.59436855310844
2021-09-17 09:00:00,111.4644351464435
2021-09-17 10:00:00,160.62465142219745
2021-09-17 11:00:00,253.67770915216173
2021-09-17 12:00:00,133.51924149470162
2021-09-17 13:00:00,248.89880122665178
2021-09-17 14:00:00,321.3389121338912
2021-09-17 15:00:00,153.51170568561875
2021-09-17 16:00:00,78.28268748257598
2021-09-17 17:00:00,228.89012827663134
2021-09-17 18:00:00,128.49972113775794
2021-09-17 19:00:00,131.47477000278786
2021-09-17 20:00:00,115.4489682097044
2021-09-17 21:00:00,101.36604404795094
2021-09-17 22:00:00,96.34792305547812
2021-09-17 23:00:00,148.53638137719543
2021-09-18 00:00:00,149.54000557569
2021-09-18 01:00:00,53.22175732217573
2021-09-18 02:00:00,175.68321249302844
2021-09-18 03:00:00,130.47114580429326
2021-09-18 04:00:00,154.6875
2021-09-18 05:00:00,75.27181488709228
2021-09-18 06:00:00,201.7284638974073
2021-09-18 07:00:00,132.51533742331287
2021-09-18 08:00:00,186.83035714285714
2021-09-18 09:00:00,141.5110119877335
2021-09-18 10:00:00,31.112350153331477
2021-09-18 11:00:00,41.16006692693809
2021-09-18 12:00:00,68.2654768544339
2021-09-18 13:00:00,74.28890128276632
2021-09-18 14:00:00,90.35136642498605
2021-09-18 15:00:00,111.49553571428572
2021-09-18 16:00:00,150.54362977418455
2021-09-18 17:00:00,232.8408140507388
2021-09-18 18:00:00,258.9350432115975
2021-09-18 19:00:00,135.4892667967661
2021-09-18 20:00:00,130.47114580429326
2021-09-18 21:00:00,96.3479230554781
2021-09-18 22:00:00,135.4892667967661
2021-09-18 23:00:00,126.45664901031503
2021-09-19 00:00:00,86.35983263598327
2021-09-19 01:00:00,71.25731809311402
2021-09-19 02:00:00,106.38416504042375
2021-09-19 03:00:00,130.4711458042933
2021-09-19 04:00:00,51.18483412322275
2021-09-19 05:00:00,189.7378694924707
2021-09-19 06:00:00,94.36698271054098
2021-09-19 07:00:00,52.20301171221416
2021-09-19 08:00:00,81.29356007805966
2021-09-19 09:00:00,154.5581265681628
2021-09-19 10:00:00,173.67540435025097
2021-09-19 11:00:00,141.55047406581147
2021-09-19 12:00:00,288.12046848856664
2021-09-19 13:00:00,317.1452467242821
2021-09-19 14:00:00,144.56218627997768
2021-09-19 15:00:00,205.74296069138555
2021-09-19 16:00:00,152.55087817117368
2021-09-19 17:00:00,218.9732142857143
2021-09-19 18:00:00,202.78862242052426
2021-09-19 19:00:00,149.54000557569
2021-09-19 20:00:00,109.39503763590744
2021-09-19 21:00:00,139.50376359074437
2021-09-19 22:00:00,63.24595649749023
2021-09-19 23:00:00,167.65197992191855
2021-09-20 00:00:00,125.45302481182047
2021-09-20 01:00:00,160.98378982671886
2021-09-20 02:00:00,189.7378694924707
2021-09-20 03:00:00,137.49651519375522
2021-09-20 04:00:00,97.35154725397268
2021-09-20 05:00:00,197.71396710342904
2021-09-20 06:00:00,90.35136642498605
2021-09-20 07:00:00,91.30434782608697
2021-09-20 08:00:00,170.7112970711297
2021-09-20 09:00:00,20.179372197309416
2021-09-20 10:00:00,26.10150585610708
2021-09-20 11:00:00,37.134095344298856
2021-09-20 12:00:00,80.31232571109872
2021-09-20 13:00:00,122.44215221633678
2021-09-20 14:00:00,229.89403234802006
2021-09-20 15:00:00,313.30543933054395
2021-09-20 16:00:00,188.681349316978
2021-09-20 17:00:00,146.0405668241178
2021-09-20 18:00:00,81.27090301003344
2021-09-20 19:00:00,115.41678282687482
2021-09-20 20:00:00,86.31168107053247
2021-09-20 21:00:00,131.51143335192415
2021-09-20 22:00:00,124.4494006133259
2021-09-20 23:00:00,91.32980206300529
2021-09-21 00:00:00,123.44577641483133
2021-09-21 01:00:00,111.43335192414948
2021-09-21 02:00:00,234.8480624477279
2021-09-21 03:00:00,47.1703373292445
2021-09-21 04:00:00,77.2790632840814
2021-09-21 05:00:00,89.34746235359732
2021-09-21 06:00:00,113.4095344298857
2021-09-21 07:00:00,72.26094229160859
2021-09-21 08:00:00,50.181209924728186
2021-09-21 09:00:00,79.55244755244755
2021-09-21 10:00:00,88.31892946752161
2021-09-21 11:00:00,99.35879565096181
2021-09-21 12:00:00,259.938667410092
2021-09-21 13:00:00,339.22497909116254
2021-09-21 14:00:00,236.855310844717
2021-09-21 15:00:00,260.9422916085865
2021-09-21 16:00:00,229.82994145525507
2021-09-21 17:00:00,187.67772511848338
2021-09-21 18:00:00,43.155840535266236
2021-09-21 19:00:00,92.33342626149987
2021-09-21 20:00:00,36.160714285714285
2021-09-21 21:00:00,80.31232571109871
2021-09-21 22:00:00,108.36120401337793
2021-09-21 23:00:00,62.2420524261015
2021-09-22 00:00:00,123.44577641483134
2021-09-22 01:00:00,191.69222191246166
2021-09-22 02:00:00,137.49651519375522
2021-09-22 03:00:00,126.45664901031503
2021-09-22 04:00:00,150.54362977418455
2021-09-22 05:00:00,166.64807585052984
2021-09-22 06:00:00,139.50376359074434
2021-09-22 07:00:00,113.44116006692694
2021-09-22 08:00:00,153.68303571428572
2021-09-22 09:00:00,140.05037783375315
2021-09-22 10:00:00,138.5001393922498
2021-09-22 11:00:00,184.76987447698744
2021-09-22 12:00:00,217.78645107332034
2021-09-22 13:00:00,254.8494983277592
2021-09-22 14:00:00,130.58035714285714
2021-09-22 15:00:00,113.4095344298857
2021-09-22 16:00:00,138.5387618516453
2021-09-22 17:00:00,132.47839420128238
2021-09-22 18:00:00,93.36307863915225
2021-09-22 19:00:00,125.45302481182047
2021-09-22 20:00:00,198.7730061349693
2021-09-22 21:00:00,172.62336214106494
2021-09-22 22:00:00,90.32617786451073
2021-09-22 23:00:00,183.71444506413832
2021-09-23 00:00:00,123.44577641483134
2021-09-23 01:00:00,193.69947030945082
2021-09-23 02:00:00,238.86255924170618
2021-09-23 03:00:00,46.17958728388176
2021-09-23 04:00:00,204.91071428571428
2021-09-23 05:00:00,119.43127962085308
2021-09-23 06:00:00,108.42163970998327
2021-09-23 07:00:00,103.37329244494006
2021-09-23 08:00:00,166.64807585052984
2021-09-23 09:00:00,101.45089285714286
2021-09-23 10:00:00,38.14835471277189
2021-09-23 11:00:00,89.32255366601616
2021-09-23 12:00:00,94.34067465848898
2021-09-23 13:00:00,331.19598550320603
2021-09-23 14:00:00,121.4385280178422
2021-09-23 15:00:00,106.38416504042375
2021-09-23 16:00:00,191.79916317991632
2021-09-23 17:00:00,144.48160535117057
2021-09-23 18:00:00,289.04376916643434
2021-09-23 19:00:00,137.53485778025654
2021-09-23 20:00:00,75.27181488709228
2021-09-23 21:00:00,52.20301171221416
2021-09-23 22:00:00,71.25731809311401
2021-09-23 23:00:00,104.40602342442834
2021-09-24 00:00:00,253.91692221912464
2021-09-24 01:00:00,130.4711458042933
2021-09-24 02:00:00,74.33035714285714
2021-09-24 03:00:00,117.42403122386393
2021-09-24 04:00:00,324.1706161137441
2021-09-24 05:00:00,267.1875
2021-09-24 06:00:00,54.210819854991634
2021-09-24 07:00:00,252.91329802063004
2021-09-24 08:00:00,250.9060496236409
2021-09-24 09:00:00,120.87297146054841
2021-09-24 10:00:00,176.63785893504323
2021-09-24 11:00:00,365.31920825202116
2021-09-24 12:00:00,181.65597992751603
2021-09-24 13:00:00,231.8371898522442
2021-09-24 14:00:00,167.6052411485921
2021-09-24 15:00:00,173.6269863395595
2021-09-24 16:00:00,141.5110119877335
2021-09-24 17:00:00,390.40981321438534
2021-09-24 18:00:00,195.70671870643991
2021-09-24 19:00:00,144.6832263466369
2021-09-24 20:00:00,110.39866183440199
2021-09-24 21:00:00,136.56903765690376
2021-09-24 22:00:00,110.42944785276073
2021-09-24 23:00:00,217.78645107332034
2021-09-25 00:00:00,165.59799275160302
2021-09-25 01:00:00,78.30451756832124
2021-09-25 02:00:00,49.177585726233616
2021-09-25 03:00:00,84.32794199665366
2021-09-25 04:00:00,84.30443267354335
2021-09-25 05:00:00,147.5738984941439
2021-09-25 06:00:00,178.64510733203235
2021-09-25 07:00:00,67.24282129913577
2021-09-25 08:00:00,135.52704963747908
2021-09-25 09:00:00,173.77232142857144
2021-09-25 10:00:00,109.425543781372
2021-09-25 11:00:00,116.42040702536939
2021-09-25 12:00:00,168.6088653470867
2021-09-25 13:00:00,296.0691385558963
2021-09-25 14:00:00,179.64873153052687
2021-09-25 15:00:00,360.30108725954835
2021-09-25 16:00:00,245.88792863116808
2021-09-25 17:00:00,240.86980763869528
2021-09-25 18:00:00,122.44215221633678
2021-09-25 19:00:00,86.31168107053249
2021-09-25 20:00:00,69.26938092582265
2021-09-25 21:00:00,49.19129949804796
2021-09-25 22:00:00,143.51826038472262
2021-09-25 23:00:00,99.35879565096181
2021-09-26 00:00:00,133.48201839977696
2021-09-26 01:00:00,140.54656999442275
2021-09-26 02:00:00,142.51463618622802
2021-09-26 03:00:00,126.49191299498047
2021-09-26 04:00:00,175.63423473654865
2021-09-26 05:00:00,100.39040713887339
2021-09-26 06:00:00,164.64026770775237
2021-09-26 07:00:00,212.82766313441158
2021-09-26 08:00:00,189.6849735154725
2021-09-26 09:00:00,203.73571229439645
2021-09-26 10:00:00,234.84806244772793
2021-09-26 11:00:00,189.73786949247074
2021-09-26 12:00:00,93.31103678929766
2021-09-26 13:00:00,142.51463618622805
2021-09-26 14:00:00,162.5871201561193
2021-09-26 15:00:00,236.85531084471702
2021-09-26 16:00:00,246.8915528296627
2021-09-26 17:00:00,326.1778645107332
2021-09-26 18:00:00,289.04376916643434
2021-09-26 19:00:00,133.55648535564853
2021-09-26 20:00:00,29.105101756342343
2021-09-26 21:00:00,42.163970998326825
2021-09-26 22:00:00,58.2102035126847
2021-09-26 23:00:00,96.34792305547813
2021-09-27 00:00:00,35.12684694730973
2021-09-27 01:00:00,138.9261744966443
2021-09-27 02:00:00,88.36820083682008
2021-09-27 03:00:00,77.30061349693251
2021-09-27 04:00:00,131.47477000278784
2021-09-27 05:00:00,140.50738778923892
2021-09-27 06:00:00,120.43490381934764
2021-09-27 07:00:00,94.22732162065256
2021-09-27 08:00:00,91.84687090799986
2021-09-27 09:00:00,89.46642019534715
2021-09-27 10:00:00,87.08596948269445
2021-09-27 11:00:00,149.6234309623431
2021-09-27 12:00:00,99.38650306748467
2021-09-27 13:00:00,180.65235572902145
2021-09-27 14:00:00,313.13074993030386
2021-09-27 15:00:00,155.56175076665735
2021-09-27 16:00:00,105.38054084192918
2021-09-27 17:00:00,143.51826038472262
2021-09-27 18:00:00,185.67047672149428
2021-09-27 19:00:00,111.40228603289657
2021-09-27 20:00:00,197.7691020635806
2021-09-27 21:00:00,127.46027320880958
2021-09-27 22:00:00,201.89732142857144
2021-09-27 23:00:00,71.25731809311402
2021-09-28 00:00:00,148.53638137719543
2021-09-28 01:00:00,133.51924149470162
2021-09-28 02:00:00,145.64732142857144
2021-09-28 03:00:00,171.6675962074735
2021-09-28 04:00:00,173.62698633955952
2021-09-28 05:00:00,182.6596041260106
2021-09-28 06:00:00,136.49289099526067
2021-09-28 07:00:00,39.15225878416062
2021-09-28 08:00:00,176.68711656441718
2021-09-28 09:00:00,120.43490381934764
2021-09-28 10:00:00,86.33575013943111
2021-09-28 11:00:00,265.0615901455767
2021-09-28 12:00:00,213.83156720580033
2021-09-28 13:00:00,158.57262336214106
2021-09-28 14:00:00,267.96766099804853
2021-09-28 15:00:00,157.5689991636465
2021-09-28 16:00:00,254.9205464176192
2021-09-28 17:00:00,296.0691385558963
2021-09-28 18:00:00,258.0033463469046
2021-09-28 19:00:00,160.57987175913019
2021-09-28 20:00:00,63.22832450515752
2021-09-28 21:00:00,126.42140468227424
2021-09-28 22:00:00,135.56485355648536
2021-09-28 23:00:00,230.83356565374964
2021-09-29 00:00:00,140.5857740585774
2021-09-29 01:00:00,142.51463618622805
2021-09-29 02:00:00,167.60524114859214
2021-09-29 03:00:00,131.47477000278784
2021-09-29 04:00:00,121.47239263803682
2021-09-29 05:00:00,159.57624756063564
2021-09-29 06:00:00,196.76519799219184
2021-09-29 07:00:00,247.89517702815724
2021-09-29 08:00:00,261.9459158070811
2021-09-29 09:00:00,232.84081405073877
2021-09-29 10:00:00,173.62698633955952
2021-09-29 11:00:00,241.67130919220057
2021-09-29 12:00:00,165.6441717791411
2021-09-29 13:00:00,200.836820083682
2021-09-29 14:00:00,284.02564817396154
2021-09-29 15:00:00,290.0473933649289
2021-09-29 16:00:00,318.1488709227767
2021-09-29 17:00:00,270.9785335935322
2021-09-29 18:00:00,270.9785335935322
2021-09-29 19:00:00,162.63245956497488
2021-09-29 20:00:00,118.46068042387061
2021-09-29 21:00:00,162.67782426778243
2021-09-29 22:00:00,160.57987175913019
2021-09-29 23:00:00,278.00390298299413
2021-09-30 00:00:00,115.4489682097044
2021-09-30 01:00:00,189.68497351547254
2021-09-30 02:00:00,184.66685252299973
2021-09-30 03:00:00,240.0669642857143
2021-09-30 04:00:00,328.1851129077223
2021-09-30 05:00:00,166.60161695009756
2021-09-30 06:00:00,229.8299414552551
2021-09-30 07:00:00,116.45287228109314
2021-09-30 08:00:00,70.25369389461946
2021-09-30 09:00:00,121.47239263803682
2021-09-30 10:00:00,131.65829145728642
2021-09-30 11:00:00,304.0981321438528
2021-09-30 12:00:00,303.09450794535826
2021-09-30 13:00:00,151.58951477969885
2021-09-30 14:00:00,270.9785335935322
2021-09-30 15:00:00,284.02564817396154
2021-09-30 16:00:00,209.75745748536383
2021-09-30 17:00:00,76.27543908558684
2021-09-30 18:00:00,90.32617786451073
2021-09-30 19:00:00,97.3786949247072
2021-09-30 20:00:00,158.61684327941995
2021-09-30 21:00:00,130.4711458042933
2021-09-30 22:00:00,135.4892667967661
2021-09-30 23:00:00,132.4783942012824
2021-10-01 00:00:00,244.9525934188511
2021-10-01 01:00:00,144.52188458321717
2021-10-01 02:00:00,167.60524114859214
2021-10-01 03:00:00,195.7612939208031
2021-10-01 04:00:00,130.4711458042933
2021-10-01 05:00:00,183.66322832450516
2021-10-01 06:00:00,147.53275717870088
2021-10-01 07:00:00,216.78282687482576
2021-10-01 08:00:00,161.62855549358616
2021-10-01 09:00:00,36.13047114580429
2021-10-01 10:00:00,122.44215221633678
2021-10-01 11:00:00,204.5340050377834
2021-10-01 12:00:00,75.27181488709228
2021-10-01 13:00:00,75.27181488709228
2021-10-01 14:00:00,83.30080847504878
2021-10-01 15:00:00,108.39141343741288
2021-10-01 16:00:00,150.5856107083101
2021-10-01 17:00:00,279.933110367893
2021-10-01 18:00:00,248.96820970440604
2021-10-01 19:00:00,109.39503763590744
2021-10-01 20:00:00,70.25369389461945
2021-10-01 21:00:00,120.5020920502092
2021-10-01 22:00:00,320.2453987730061
2021-10-01 23:00:00,109.39503763590744
2021-10-02 00:00:00,192.69584611095624
2021-10-02 01:00:00,84.30443267354335
2021-10-02 02:00:00,91.3298020630053
2021-10-02 03:00:00,103.4021193530396
2021-10-02 04:00:00,96.37479085331847
2021-10-02 05:00:00,151.54725397267913
2021-10-02 06:00:00,131.47477000278784
2021-10-02 07:00:00,82.34309623430963
2021-10-02 08:00:00,203.73571229439642
2021-10-02 09:00:00,212.82766313441158
2021-10-02 10:00:00,141.5504740658115
2021-10-02 11:00:00,53.192082520211876
2021-10-02 12:00:00,66.25766871165644
2021-10-02 13:00:00,57.222532069157836
2021-10-02 14:00:00,133.48201839977696
2021-10-02 15:00:00,150.5856107083101
2021-10-02 16:00:00,171.6197379425704
2021-10-02 17:00:00,173.62698633955952
2021-10-02 18:00:00,343.335192414947
2021-10-02 19:00:00,178.64510733203232
2021-10-02 20:00:00,138.5387618516453
2021-10-02 21:00:00,206.74658488988013
2021-10-02 22:00:00,103.4021193530396
2021-10-02 23:00:00,152.55087817117368
2021-10-03 00:00:00,143.51826038472262
2021-10-03 01:00:00,90.32617786451074
2021-10-03 02:00:00,113.4095344298857
2021-10-03 03:00:00,101.39431121026213
2021-10-03 04:00:00,154.55812656816283
2021-10-03 05:00:00,106.38416504042374
2021-10-03 06:00:00,137.49651519375522
2021-10-03 07:00:00,182.7105409927496
2021-10-03 08:00:00,216.78282687482576
2021-10-03 09:00:00,192.74958170663692
2021-10-03 10:00:00,147.53275717870085
2021-10-03 11:00:00,76.27543908558684
2021-10-03 12:00:00,26.10878661087866
2021-10-03 13:00:00,38.20161965931304
2021-10-03 14:00:00,57.222532069157836
2021-10-03 15:00:00,105.38054084192918
2021-10-03 16:00:00,223.35766423357663
2021-10-03 17:00:00,147.14445688689807
2021-10-03 18:00:00,102.36966824644549
2021-10-03 19:00:00,178.64510733203232
2021-10-03 20:00:00,86.50461022632021
2021-10-03 21:00:00,177.69102063580593
2021-10-03 22:00:00,160.5798717591302
2021-10-03 23:00:00,194.70309450794534
2021-10-04 00:00:00,272.9857819905213
2021-10-04 01:00:00,89.54723309111236
2021-10-04 02:00:00,160.7142857142857
2021-10-04 03:00:00,106.41383156720579
2021-10-04 04:00:00,160.62465142219745
2021-10-04 05:00:00,176.6378589350432
2021-10-04 06:00:00,151.5472539726791
2021-10-04 07:00:00,44.1594647337608
2021-10-04 08:00:00,104.37691664343461
2021-10-04 09:00:00,232.84081405073877
2021-10-04 10:00:00,199.08779931584948
2021-10-04 11:00:00,184.76987447698744
2021-10-04 12:00:00,189.20741989881958
2021-10-04 13:00:00,152.55087817117368
2021-10-04 14:00:00,16.057987175913016
2021-10-04 15:00:00,23.102678571428573
2021-10-04 16:00:00,56.265699134803235
2021-10-04 17:00:00,54.30167597765363
2021-10-04 18:00:00,73.28499721137757
2021-10-04 19:00:00,88.31892946752161
2021-10-04 20:00:00,105.38054084192919
2021-10-04 21:00:00,101.45089285714286
2021-10-04 22:00:00,132.4783942012824
2021-10-04 23:00:00,209.75745748536383
2021-10-05 00:00:00,176.63785893504323
2021-10-05 01:00:00,188.68134931697796
2021-10-05 02:00:00,162.5871201561193
2021-10-05 03:00:00,185.72225320691578
2021-10-05 04:00:00,98.35517145246725
2021-10-05 05:00:00,137.49651519375522
2021-10-05 06:00:00,114.41315862838027
2021-10-05 07:00:00,82.29718427655423
2021-10-05 08:00:00,148.91000558971493
2021-10-05 09:00:00,182.6233183856502
2021-10-05 10:00:00,175.68321249302846
2021-10-05 11:00:00,159.57624756063564
2021-10-05 12:00:00,96.34792305547812
2021-10-05 13:00:00,165.597992751603
2021-10-05 14:00:00,51.18483412322274
2021-10-05 15:00:00,89.32255366601616
2021-10-05 16:00:00,116.42040702536939
2021-10-05 17:00:00,247.9643056330173
2021-10-05 18:00:00,212.7683300808475
2021-10-05 19:00:00,105.40992749581706
2021-10-05 20:00:00,126.45664901031503
2021-10-05 21:00:00,108.39141343741288
2021-10-05 22:00:00,71.25731809311402
2021-10-05 23:00:00,44.15946473376081
2021-10-06 00:00:00,46.16671313074993
2021-10-06 01:00:00,80.31232571109871
2021-10-06 02:00:00,164.59436855310844
2021-10-06 03:00:00,234.8480624477279
2021-10-06 04:00:00,209.75745748536383
2021-10-06 05:00:00,177.69102063580593
2021-10-06 06:00:00,112.40591023139112
2021-10-06 07:00:00,176.6378589350432
2021-10-06 08:00:00,112.40591023139112
2021-10-06 09:00:00,43.2523051131601
2021-10-06 10:00:00,48.214285714285715
2021-10-06 11:00:00,274.99303038751043
2021-10-06 12:00:00,257.07112970711296
2021-10-06 13:00:00,145.52550878171175
2021-10-06 14:00:00,52.18845832171731
2021-10-06 15:00:00,75.27181488709228
2021-10-06 16:00:00,100.36241984945637
2021-10-06 17:00:00,301.1712214166202
2021-10-06 18:00:00,229.8299414552551
2021-10-06 19:00:00,100.36241984945637
2021-10-06 20:00:00,187.83482142857144
2021-10-06 21:00:00,88.31892946752161
2021-10-06 22:00:00,86.33575013943111
2021-10-06 23:00:00,141.4715719063545
2021-10-07 00:00:00,80.31232571109871
2021-10-07 01:00:00,103.37329244494006
2021-10-07 02:00:00,220.797323668804
2021-10-07 03:00:00,166.60161695009756
2021-10-07 04:00:00,137.53485778025654
2021-10-07 05:00:00,200.72483969891275
2021-10-07 06:00:00,155.56175076665738
2021-10-07 07:00:00,96.34792305547812
2021-10-07 08:00:00,83.86191411731687
2021-10-07 09:00:00,213.77195427934208
2021-10-07 10:00:00,255.9241706161137
2021-10-07 11:00:00,64.23194870365207
2021-10-07 12:00:00,112.43725599553821
2021-10-07 13:00:00,133.482018399777
2021-10-07 14:00:00,160.5798717591302
2021-10-07 15:00:00,171.57190635451505
2021-10-07 16:00:00,210.81985499163412
2021-10-07 17:00:00,298.159509202454
2021-10-07 18:00:00,284.1048522030117
2021-10-07 19:00:00,153.55450236966823
2021-10-07 20:00:00,135.4892667967661
2021-10-07 21:00:00,68.2654768544339
2021-10-07 22:00:00,106.38416504042375
2021-10-07 23:00:00,126.49191299498047
2021-10-08 00:00:00,56.23430962343096
2021-10-08 01:00:00,195.7612939208031
2021-10-08 02:00:00,149.54000557569
2021-10-08 03:00:00,150.5856107083101
2021-10-08 04:00:00,217.84718349135525
2021-10-08 05:00:00,136.49289099526067
2021-10-08 06:00:00,103.4021193530396
2021-10-08 07:00:00,68.22742474916389
2021-10-08 08:00:00,115.4489682097044
2021-10-08 09:00:00,185.72225320691578
2021-10-08 10:00:00,82.29718427655423
2021-10-08 11:00:00,76.36059168294724
2021-10-08 12:00:00,161.6285554935862
2021-10-08 13:00:00,189.68497351547256
2021-10-08 14:00:00,114.41315862838024
2021-10-08 15:00:00,96.3479230554781
2021-10-08 16:00:00,143.5182603847226
2021-10-08 17:00:00,277.0002787844995
2021-10-08 18:00:00,276.07361963190186
2021-10-08 19:00:00,114.41315862838026
2021-10-08 20:00:00,237.85893504321163
2021-10-08 21:00:00,86.33575013943111
2021-10-08 22:00:00,88.31892946752161
2021-10-08 23:00:00,93.36307863915226
2021-10-09 00:00:00,190.74177356385945
2021-10-09 01:00:00,76.27543908558684
2021-10-09 02:00:00,133.51924149470162
2021-10-09 03:00:00,290.0473933649289
2021-10-09 04:00:00,173.72384937238493
2021-10-09 05:00:00,173.67540435025097
2021-10-09 06:00:00,104.37691664343463
2021-10-09 07:00:00,41.16006692693809
2021-10-09 08:00:00,110.4602510460251
2021-10-09 09:00:00,47.18349135527049
2021-10-09 10:00:00,301.1712214166202
2021-10-09 11:00:00,154.55812656816283
2021-10-09 12:00:00,80.2899358795651
2021-10-09 13:00:00,128.46389740730413
2021-10-09 14:00:00,105.38054084192918
2021-10-09 15:00:00,167.6052411485921
2021-10-09 16:00:00,187.73006134969324
2021-10-09 17:00:00,336.21410649567883
2021-10-09 18:00:00,292.05464176191805
2021-10-09 19:00:00,125.45302481182048
2021-10-09 20:00:00,68.28451882845188
2021-10-09 21:00:00,55.214723926380366
2021-10-09 22:00:00,75.27181488709228
2021-10-09 23:00:00,209.75745748536383
2021-10-10 00:00:00,163.63636363636365
2021-10-10 01:00:00,189.7378694924707
2021-10-10 02:00:00,79.30842163970999
2021-10-10 03:00:00,164.68619246861925
2021-10-10 04:00:00,276.0736196319018
2021-10-10 05:00:00,62.224700306662946
2021-10-10 06:00:00,116.45287228109315
2021-10-10 07:00:00,312.1271257318094
2021-10-10 08:00:00,234.97907949790795
2021-10-10 09:00:00,135.90604026845637
2021-10-10 10:00:00,251.90967382213546
2021-10-10 11:00:00,133.48201839977696
2021-10-10 12:00:00,144.52188458321717
2021-10-10 13:00:00,215.01535026514094
2021-10-10 14:00:00,254.92054641761916
2021-10-10 15:00:00,293.0582659604126
2021-10-10 16:00:00,334.2068580986897
2021-10-10 17:00:00,334.20685809868974
2021-10-10 18:00:00,258.00334634690466
2021-10-10 19:00:00,149.54000557569
2021-10-10 20:00:00,55.19933091720101
2021-10-10 21:00:00,118.49372384937239
2021-10-10 22:00:00,84.30443267354336
2021-10-10 23:00:00,90.35136642498605
2021-10-11 00:00:00,230.83356565374964
2021-10-11 01:00:00,64.41151803187029
2021-10-11 02:00:00,232.03125
2021-10-11 03:00:00,125.45302481182046
2021-10-11 04:00:00,81.29356007805966
2021-10-11 05:00:00,109.425543781372
2021-10-11 06:00:00,117.42403122386395
2021-10-11 07:00:00,146.5291329802063
2021-10-11 08:00:00,340.3234802007808
2021-10-11 09:00:00,290.8582611126642
2021-10-11 10:00:00,93.33705045999442
2021-10-11 11:00:00,125.45302481182046
2021-10-11 12:00:00,184.6668525229997
2021-10-11 13:00:00,156.56537496515193
2021-10-11 14:00:00,178.64510733203235
2021-10-11 15:00:00,360.30108725954835
2021-10-11 16:00:00,198.71759130192362
2021-10-11 17:00:00,118.42765542235851
2021-10-11 18:00:00,142.51463618622805
2021-10-11 19:00:00,181.70663692136083
2021-10-11 20:00:00,218.79007527181489
2021-10-11 21:00:00,172.62336214106494
2021-10-11 22:00:00,245.95649749023983
2021-10-11 23:00:00,118.4276554223585
2021-10-12 00:00:00,123.48020078081427
2021-10-12 01:00:00,120.46848856664808
2021-10-12 02:00:00,106.47321428571429
2021-10-12 03:00:00,118.4276554223585
2021-10-12 04:00:00,74.30962343096235
2021-10-12 05:00:00,84.30443267354335
2021-10-12 06:00:00,138.5387618516453
2021-10-12 07:00:00,243.88068023417898
2021-10-12 08:00:00,126.45664901031505
2021-10-12 09:00:00,164.59436855310847
2021-10-12 10:00:00,100.55865921787709
2021-10-12 11:00:00,156.65271966527197
2021-10-12 12:00:00,222.99107142857144
2021-10-12 13:00:00,139.50376359074434
2021-10-12 14:00:00,211.76470588235293
2021-10-12 15:00:00,272.90969899665555
2021-10-12 16:00:00,292.054641761918
2021-10-12 17:00:00,333.20323390019513
2021-10-12 18:00:00,365.31920825202116
2021-10-12 19:00:00,195.70671870643991
2021-10-12 20:00:00,218.85108756274403
2021-10-12 21:00:00,114.41315862838027
2021-10-12 22:00:00,112.4372559955382
2021-10-12 23:00:00,83.30080847504878
2021-10-13 00:00:00,89.29765886287626
2021-10-13 01:00:00,89.3723849372385
2021-10-13 02:00:00,156.52173913043478
2021-10-13 03:00:00,109.36454849498327
2021-10-13 04:00:00,80.31232571109871
2021-10-13 05:00:00,225.81544466127684
2021-10-13 06:00:00,234.8480624477279
2021-10-13 07:00:00,36.12040133779264
2021-10-13 08:00:00,267.96766099804853
2021-10-13 09:00:00,302.09088374686365
2021-10-13 10:00:00,271.5647784632642
2021-10-13 11:00:00,33.1195985503206
2021-10-13 12:00:00,252.91329802063004
2021-10-13 13:00:00,162.67782426778243
2021-10-13 14:00:00,80.28993587956509
2021-10-13 15:00:00,143.5182603847226
2021-10-13 16:00:00,90.32617786451073
2021-10-13 17:00:00,205.68561872909697
2021-10-13 18:00:00,187.62541806020067
2021-10-13 19:00:00,265.9604126010594
2021-10-13 20:00:00,167.60524114859214
2021-10-13 21:00:00,85.28428093645486
2021-10-13 22:00:00,174.6306105380541
2021-10-13 23:00:00,202.73208809590187
2021-10-14 00:00:00,381.27090301003346
2021-10-14 01:00:00,125.48800892359175
2021-10-14 02:00:00,109.36454849498328
2021-10-14 03:00:00,65.25376464026772
2021-10-14 04:00:00,113.40953442988568
2021-10-14 05:00:00,147.53275717870085
2021-10-14 06:00:00,148.49498327759196
2021-10-14 07:00:00,187.6777251184834
2021-10-14 08:00:00,121.4385280178422
2021-10-14 09:00:00,317.1452467242821
2021-10-14 10:00:00,346.25034848062444
2021-10-14 11:00:00,167.55852842809364
2021-10-14 12:00:00,114.38127090301003
2021-10-14 13:00:00,104.37691664343463
2021-10-14 14:00:00,169.65978806469604
2021-10-14 15:00:00,165.55183946488293
2021-10-14 16:00:00,231.83718985224422
2021-10-14 17:00:00,359.1973244147157
2021-10-14 18:00:00,256.9277948146083
2021-10-14 19:00:00,121.4385280178422
2021-10-14 20:00:00,103.34448160535116
2021-10-14 21:00:00,74.26819068859771
2021-10-14 22:00:00,140.4682274247492
2021-10-14 23:00:00,145.48494983277592
2021-10-15 00:00:00,207.8081427774679
2021-10-15 01:00:00,195.6521739130435
2021-10-15 02:00:00,225.752508361204
2021-10-15 03:00:00,122.44215221633678
2021-10-15 04:00:00,149.54000557569
2021-10-15 05:00:00,191.69222191246166
2021-10-15 06:00:00,178.64510733203235
2021-10-15 07:00:00,57.20657931419012
2021-10-15 08:00:00,135.4515050167224
2021-10-15 09:00:00,131.438127090301
2021-10-15 10:00:00,283.5754189944134
2021-10-15 11:00:00,132.51533742331287
2021-10-15 12:00:00,220.797323668804
2021-10-15 13:00:00,266.10878661087867
2021-10-15 14:00:00,160.62465142219745
2021-10-15 15:00:00,142.51463618622802
2021-10-15 16:00:00,165.55183946488293
2021-10-15 17:00:00,216.78282687482576
2021-10-15 18:00:00,361.4054656999442
2021-10-15 19:00:00,101.36604404795095
2021-10-15 20:00:00,165.59799275160304
2021-10-15 21:00:00,158.57262336214106
2021-10-15 22:00:00,100.36241984945637
2021-10-15 23:00:00,104.37691664343463
2021-10-16 00:00:00,82.29718427655422
2021-10-16 01:00:00,136.49289099526067
2021-10-16 02:00:00,117.42403122386395
2021-10-16 03:00:00,108.42163970998327
2021-10-16 04:00:00,129.57589285714286
2021-10-16 05:00:00,178.744769874477
2021-10-16 06:00:00,82.29718427655422
2021-10-16 07:00:00,194.7573898494144
2021-10-16 08:00:00,219.79369947030943
2021-10-16 09:00:00,273.9894061890159
2021-10-16 10:00:00,236.04910714285714
2021-10-16 11:00:00,80.31232571109872
2021-10-16 12:00:00,69.2500696961249
2021-10-16 13:00:00,117.45677635248187
2021-10-16 14:00:00,208.81204684885668
2021-10-16 15:00:00,122.44215221633677
2021-10-16 16:00:00,240.86980763869528
2021-10-16 17:00:00,203.73571229439642
2021-10-16 18:00:00,397.5460122699387
2021-10-16 19:00:00,116.42040702536939
2021-10-16 20:00:00,197.71396710342904
2021-10-16 21:00:00,122.51046025104603
2021-10-16 22:00:00,191.69222191246166
2021-10-16 23:00:00,282.0183997769724
2021-10-17 00:00:00,119.43127962085308
2021-10-17 01:00:00,114.41315862838024
2021-10-17 02:00:00,97.35154725397267
2021-10-17 03:00:00,95.34429885698354
2021-10-17 04:00:00,257.93141901310287
2021-10-17 05:00:00,169.61248954558127
2021-10-17 06:00:00,142.55437813720022
2021-10-17 07:00:00,102.3696682464455
2021-10-17 08:00:00,251.9096738221355
2021-10-17 09:00:00,284.0256481739615
2021-10-17 10:00:00,245.88792863116808
2021-10-17 11:00:00,79.35267857142857
2021-10-17 12:00:00,86.33575013943113
2021-10-17 13:00:00,130.5439330543933
2021-10-17 14:00:00,182.6596041260106
2021-10-17 15:00:00,102.3696682464455
2021-10-17 16:00:00,266.9640367995539
2021-10-17 17:00:00,345.2467242821299
2021-10-17 18:00:00,188.68134931697796
2021-10-17 19:00:00,79.28631168107053
2021-10-17 20:00:00,74.28890128276632
2021-10-17 21:00:00,108.39141343741288
2021-10-17 22:00:00,125.45302481182047
2021-10-17 23:00:00,170.61611374407582
2021-10-18 00:00:00,138.5387618516453
2021-10-18 01:00:00,315.9306875349357
2021-10-18 02:00:00,98.41004184100419
2021-10-18 03:00:00,100.39040713887339
2021-10-18 04:00:00,137.61160714285714
2021-10-18 05:00:00,156.6090351366425
2021-10-18 06:00:00,155.56175076665738
2021-10-18 07:00:00,111.43335192414946
2021-10-18 08:00:00,137.49651519375522
2021-10-18 09:00:00,90.32617786451074
2021-10-18 10:00:00,68.22742474916387
2021-10-18 11:00:00,71.27718906860011
2021-10-18 12:00:00,97.35154725397268
2021-10-18 13:00:00,130.5075292805354
2021-10-18 14:00:00,125.48800892359175
2021-10-18 15:00:00,236.98744769874477
2021-10-18 16:00:00,349.3586168432794
2021-10-18 17:00:00,287.1165644171779
2021-10-18 18:00:00,233.7792642140468
2021-10-18 19:00:00,112.40591023139113
2021-10-18 20:00:00,82.29718427655422
2021-10-18 21:00:00,67.28033472803347
2021-10-18 22:00:00,89.32255366601618
2021-10-18 23:00:00,98.35517145246725
2021-10-19 00:00:00,203.6404368524223
2021-10-19 01:00:00,128.46389740730416
2021-10-19 02:00:00,139.50376359074434
2021-10-19 03:00:00,145.52550878171172
2021-10-19 04:00:00,137.49651519375522
2021-10-19 05:00:00,106.38416504042375
2021-10-19 06:00:00,167.60524114859214
2021-10-19 07:00:00,143.51826038472262
2021-10-19 08:00:00,268.9712851965431
2021-10-19 09:00:00,218.9121338912134
2021-10-19 10:00:00,208.681041725007
2021-10-19 11:00:00,118.4606804238706
2021-10-19 12:00:00,76.27543908558684
2021-10-19 13:00:00,31.112350153331473
2021-10-19 14:00:00,76.27543908558684
2021-10-19 15:00:00,137.53485778025657
2021-10-19 16:00:00,119.43127962085308
2021-10-19 17:00:00,193.64548494983276
2021-10-19 18:00:00,173.72384937238493
2021-10-19 19:00:00,149.58170663692138
2021-10-19 20:00:00,151.54725397267913
2021-10-19 21:00:00,129.4675216057987
2021-10-19 22:00:00,227.8862242052426
2021-10-19 23:00:00,111.40228603289657
2021-10-20 00:00:00,162.63245956497488
2021-10-20 01:00:00,187.62541806020067
2021-10-20 02:00:00,175.68321249302844
2021-10-20 03:00:00,171.6675962074735
2021-10-20 04:00:00,108.45188284518828
2021-10-20 05:00:00,162.63245956497488
2021-10-20 06:00:00,171.61973794257037
2021-10-20 07:00:00,167.6052411485921
2021-10-20 08:00:00,77.27906328408142
2021-10-20 09:00:00,151.50501672240804
2021-10-20 10:00:00,100.47446274072006
2021-10-20 11:00:00,70.27328499721138
2021-10-20 12:00:00,214.7755784778366
2021-10-20 13:00:00,81.29356007805966
2021-10-20 14:00:00,242.87705603568443
2021-10-20 15:00:00,88.31892946752161
2021-10-20 16:00:00,99.35879565096181
2021-10-20 17:00:00,72.26094229160859
2021-10-20 18:00:00,304.0981321438528
2021-10-20 19:00:00,120.43490381934764
2021-10-20 20:00:00,99.38650306748465
2021-10-20 21:00:00,66.2391971006412
2021-10-20 22:00:00,45.16308893225537
2021-10-20 23:00:00,84.30443267354335
2021-10-21 00:00:00,95.37088678192973
2021-10-21 01:00:00,60.23424428332403
2021-10-21 02:00:00,170.61611374407582
2021-10-21 03:00:00,91.3552704963748
2021-10-21 04:00:00,81.33891213389121
2021-10-21 05:00:00,218.79007527181489
2021-10-21 06:00:00,50.181209924728186
2021-10-21 07:00:00,26.10878661087866
2021-10-21 08:00:00,44.15946473376081
2021-10-21 09:00:00,112.53139826960647
2021-10-21 10:00:00,35.13664249860569
2021-10-21 11:00:00,252.91329802063007
2021-10-21 12:00:00,104.37691664343464
2021-10-21 13:00:00,96.42857142857143
2021-10-21 14:00:00,124.41471571906355
2021-10-21 15:00:00,348.25759687761365
2021-10-21 16:00:00,303.0945079453582
2021-10-21 17:00:00,364.4171779141104
2021-10-21 18:00:00,160.57987175913019
2021-10-21 19:00:00,123.44577641483134
2021-10-21 20:00:00,183.66322832450516
2021-10-21 21:00:00,113.40953442988571
2021-10-21 22:00:00,88.31892946752161
2021-10-21 23:00:00,76.27543908558684
2021-10-22 00:00:00,118.4276554223585
2021-10-22 01:00:00,127.46027320880958
2021-10-22 02:00:00,111.40228603289655
2021-10-22 03:00:00,48.17396152773906
2021-10-22 04:00:00,234.97907949790795
2021-10-22 05:00:00,193.6994703094508
2021-10-22 06:00:00,135.52704963747908
2021-10-22 07:00:00,222.80457206579317
2021-10-22 08:00:00,404.4605519933092
2021-10-22 09:00:00,272.90969899665555
2021-10-22 10:00:00,296.0691385558963
2021-10-22 11:00:00,148.53638137719543
2021-10-22 12:00:00,148.53638137719543
2021-10-22 13:00:00,148.53638137719543
2021-10-22 14:00:00,148.53638137719543
2021-10-22 15:00:00,148.53638137719543
2021-10-22 16:00:00,148.53638137719543
2021-10-22 17:00:00,148.53638137719543
2021-10-22 18:00:00,148.53638137719543
2021-10-22 19:00:00,148.53638137719543
2021-10-22 20:00:00,148.53638137719543
2021-10-22 21:00:00,148.53638137719543
2021-10-22 22:00:00,148.53638137719543
2021-10-22 23:00:00,148.53638137719543
